EmployeeID,NationalIDNumber,LoginID,Title,PhoneNumber,BirthDate,MaritalStatus,Gender,HireDate,Dept,Salary,Job Grade,CurrentFlag,rowguid
1,14417807,adventure-works\guy1,Gustavo Achong,9257522351,21-02-1986 00:00,M,M,02-02-2013 00:00,Sales,2295,Admin,-1,{AAE1D04A-C237-4974-B4D5-935247737718}
2,253022876,adventure-works\kevin0,Catherine Abel,9235868360,12-03-1991 00:00,S,M,31-08-2013 00:00,Sales,962,Management,-1,{1B480240-95C0-410F-A717-EB29943C8886}
3,509647174,,Kim Abercrombie,9416421559,21-09-1978 00:00,M,M,16-06-2014 00:00,Finance,4006,Admin,-1,{9BBBFB2C-EFBB-4217-9AB7-F97689328841}
4,112457891,,Humberto Acevedo,8800042425,01-11-1978 00:00,S,M,10-07-2014 00:00,Logistics,4547,Admin,-1,{59747955-87B8-443F-8ED4-F8AD3AFDF3A9}
5,480168528,,Pilar Ackerman,,07-06-1963 00:00,M,M,16-07-2014 00:00,Human Resource,1932,Admin,-1,{1D955171-E773-4FAD-8382-40FD898D5D4D}
6,24756624,,Frances Adams,,26-01-1979 00:00,S,M,25-07-2014 00:00,Sales,,Management,-1,{E87029AA-2CBA-4C03-B948-D83AF0313E28}
7,309738752,,Margaret Smith,,25-11-1959 00:00,S,F,31-07-2014 00:00,sales,,Operations,-1,{2CC71B96-F421-485E-9832-8723337749BB}
8,690627818,,Carla Adams,,13-04-1960 00:00,M,F,11-08-2014 00:00,Finance,3989,Management,-1,{3E3B6905-209E-442E-B8A8-9A0980241C6A}
9,695256908,,Jay Adams,9186178676,06-08-1956 00:00,M,F,11-08-2014 00:00,Finance,1636,Admin,-1,{EC84AE09-F9B8-4A15-B4A9-6CCBAB919B08}
10,912265825,adventure-works\barry0,Ronald Adina,9419900279,03-02-1960 00:00,S,M,12-08-2014 00:00,Logistics,3386,Admin,-1,{756A60AE-378F-43D8-9F93-1E821D1EAF52}
11,998320692,adventure-works\jossef0,Samuel Agcaoili,8840105585,18-01-1963 00:00,M,M,29-08-2014 00:00,Logistics,3676,Operations,-1,{E39056F1-9CD5-478D-8945-14ACA7FBDCDD}
12,245797967,adventure-works\terri0,James Aguilar,9483108700,10-06-1975 00:00,S,F,05-09-2014 00:00,Human Resource,1128,Operations,-1,{45E8F437-670D-4409-93CB-F9424A40D6EE}
13,844973625,,Robert Ahlering,9174374839,09-07-1960 00:00,M,M,07-09-2014 00:00,Production,2301,Operations,-1,{40D603D9-7F99-48B7-A580-B17CF429BED2}
14,233069302,,François Ferrier,9496287982,09-02-1960 00:00,M,M,13-09-2014 00:00,Logistics,2887,Admin,-1,{28F7EF89-2793-4989-B67D-25046543C1E3}
15,132674823,,Kim Akers,8362472108,20-05-1960 00:00,S,M,25-09-2016 00:00,Production,2154,Admin,-1,{6E086F41-B81D-4BDC-9F13-0EEC488DC43E}
16,446466105,,Lili Alameda,9459738747,17-08-1960 00:00,S,F,02-10-2014 00:00,Production,2741,Operations,-1,{83FFAAC6-B895-481F-B897-14F965D4DA47}
17,565090917,,Amy Alberts,9384458522,12-02-1960 00:00,M,F,14-10-2014 00:00,Production,4096,Operations,-1,{692B8826-03B4-4C3B-82FC-1FC6F1409689}
18,494170342,,Anna Albright,,16-06-1960 00:00,M,M,21-10-2016 00:00,Sales,1998,Operations,-1,{D4ED1F78-7C28-479B-BFEF-A73228BA2AAA}
19,9659517,,Milton Albury,,06-02-1960 00:00,M,F,01-11-2014 00:00,sales,3408,Admin,-1,{C334B2D2-0C56-4906-9095-F1D07A98CBEC}
20,443968955,,Paul Alcorn,,23-03-1981 00:00,M,M,07-07-2015 00:00,Finance,3390,Admin,-1,{0A8937C9-68AA-4D48-BA4E-B40493D764AA}
21,277173473,,Gregory Alderson,9182452324,12-09-1986 00:00,M,M,07-07-2015 00:00,Production,2034,Management,-1,{69D5D162-E817-45E7-9DEC-5D9B8310E7B1}
22,835460180,adventure-works\stuart0,J. Phillip Alexander,8898940529,23-07-1966 00:00,S,M,08-07-2015 00:00,Logistics,600,Operations,-1,{4F361B4F-7920-4037-9A0A-46D616F9B9C7}
23,687685941,adventure-works\greg0,Michelle Alexander,9027512492,27-08-1974 00:00,S,M,08-07-2015 00:00,Human Resource,4406,Management,-1,{A36B5D6B-72A5-47F8-9F6B-5D922130E760}
24,498138869,adventure-works\david1,Sean Jacobson,8963819693,11-09-1983 00:00,S,M,08-07-2015 00:00,Finance,2042,Operations,-1,{ED7EE92E-A9D0-4E3A-8DEE-4B143E459F7E}
25,360868122,adventure-works\zheng0,Phyllis Allen,9529057613,04-09-1987 00:00,S,M,09-07-2015 00:00,Production,664,Operations,-1,{C75F2740-ACE3-4EBF-91C5-7AB352E1095F}
26,964089218,,Marvin Allen,8180845853,12-11-1985 00:00,M,M,10-07-2015 00:00,Production,3723,Admin,-1,{D83A26F3-7EA7-477B-A5BB-7EAADFC13A09}
27,384162788,,Michael Allen,9173803536,22-09-1984 00:00,S,M,10-07-2015 00:00,Finance,1161,Admin,-1,{0217049E-1566-42B6-8027-41B751E2B00B}
28,749389530,,Cecil Allison,8745215537,03-02-1981 00:00,S,M,10-07-2015 00:00,Human Resource,1711,Operations,-1,{2E680C1C-7C02-4343-9626-6F97273414C0}
29,571658797,,Oscar Alpuerto,8976864266,08-04-1990 00:00,M,M,11-07-2015 00:00,Finance,3199,Operations,-1,{65207627-5521-4A8E-AD3C-B2F1B5226B85}
30,535145551,,Sandra Altamirano,7913493451,21-12-1979 00:00,M,F,12-07-2018 00:00,Production,1513,Operations,-1,{65028F15-4149-4DE5-B203-9D7EC86BAF87}
31,761597760,,Selena Alvarado,7935059565,14-10-1992 00:00,S,M,12-07-2015 00:00,Production,3978,Admin,-1,{8C7321D2-2C64-4902-9D64-8F5C1EB7F747}
32,271438431,,Emilio Alvaro,8361639480,04-07-1988 00:00,S,M,13-07-2018 00:00,Sales,3639,Admin,-1,{A6F5F72F-AA03-41B7-8B6E-B123BD360753}
33,160739235,,Maxwell Amland,8839361674,05-06-1987 00:00,S,M,13-07-2015 00:00,Sales,1134,Operations,-1,{6FFF136A-9664-4EB9-9243-FAC76E21B9DD}
34,586486572,,Mae Anderson,9085690821,27-12-1981 00:00,S,F,13-07-2015 00:00,Finance,2298,Operations,-1,{923ECFD6-E202-429A-9141-6CB183531439}
35,337752649,,Ramona Antrim,9325873148,25-01-1981 00:00,M,M,13-07-2017 00:00,Logistics,3843,Admin,-1,{A8838AB2-99DE-415C-8675-D82EBF1C4752}
36,113695504,,Sabria Appelbaum,9077301941,05-12-1981 00:00,M,F,13-07-2015 00:00,Human Resource,3880,Admin,-1,{7E632B21-0D11-4BBA-8A68-8CAE14C20AE6}
37,276751903,,Hannah Arakawa,9324743639,26-03-1994 00:00,S,M,14-07-2015 00:00,Production,3967,Management,-1,{F734D38A-56B5-471E-8DED-A682E958A9B3}
38,630184120,,Kyley Arbelaez,9565066174,15-12-1992 00:00,S,M,14-07-2018 00:00,Production,561,Operations,-1,{2BCA07D3-F2AC-4406-904F-E09156F3EB3E}
39,545337468,,Tom Johnston,8966738613,26-09-1988 00:00,S,M,15-07-2015 00:00,Production,1395,Operations,-1,{4FD6FE82-535A-4DD1-BEB1-154A8B5E42F0}
40,713403643,,Thomas Armstrong,8858223510,22-02-1993 00:00,M,F,15-07-2015 00:00,Finance,548,Operations,-1,{83C6DABF-FD7D-4F5B-BB22-EB7EEBB9A772}
41,885055826,,John Arthur,9381342483,26-01-1980 00:00,M,M,15-07-2018 00:00,sales,1355,Admin,-1,{E249D613-36C9-4544-9B6F-6CE50E5E0DA5}
42,441044382,,Chris Ashton,9079093161,22-10-1979 00:00,S,F,17-07-2015 00:00,Logistics,,Admin,-1,{794A0B1F-C46A-401C-984D-008996FC7092}
43,718299860,,Teresa Atkinson,8356815969,04-10-1976 00:00,M,M,18-07-2018 00:00,Logistics,,Admin,-1,{6B10192F-D570-47C4-82C9-3D979B1EFDC1}
44,685233686,,John Ault,9003657452,27-07-1972 00:00,S,M,18-07-2015 00:00,Sales,,Operations,-1,{13909262-4136-492F-BCA3-0B0E3773B03E}
45,295971920,,Robert Avalos,9216197279,04-05-1993 00:00,S,M,18-07-2017 00:00,Production,,Admin,-1,{45358AE8-0B0E-4C11-90BB-DAC3EC0D5C82}
46,95958330,,Stephen Ayers,8377264523,30-03-1991 00:00,S,M,18-07-2015 00:00,Production,1808,Operations,-1,{AF21F1B7-0691-48AD-B325-B8F2D7B2268A}
47,332040978,adventure-works\willis0,Phillip Bacalzo,8725951585,27-05-1982 00:00,S,M,19-07-2018 00:00,Human Resource,2533,Admin,-1,{A1D86ECC-EA17-4B1B-8369-F1D07AB0A469}
48,857651804,adventure-works\jun0,Daniel Blanco,8987113863,15-05-1983 00:00,S,M,20-07-2018 00:00,Finance,3110,Management,-1,{9C5F84D1-FB96-4D82-92A1-F932903DEAAD}
49,553069203,adventure-works\christian0,Cory Booth,8971548600,27-11-1979 00:00,M,M,20-07-2015 00:00,Finance,4491,Management,-1,{4611C7C5-90A0-407F-B054-93BD51533609}
50,351069889,adventure-works\susan1,Mark Anderson,8216946197,09-02-1987 00:00,S,F,20-07-2015 00:00,sales,2679,Operations,-1,{F73D75D5-B47B-46EE-AD11-7BF13DD6C55D}
