FilmID,Title,DirectorID,Lead_Actor_Actress,LanguageID,Industry,GenreID,Budget_in_Crores,"First_Day_Collection_Worldwide_in _Crores",Worldwide_Collection_in_Crores,Overseas_Collection_in_Crores,India_Gross_Collection_in_Crores,Verdict,IMDb_Rating,Runtime,OTT_Platform,Rel_date
34,Sanju,101,"Ranbir Kapoor",501,Bollywood,623,100,54.4,588.5,150,438.5,Blockbuster,7.6,155,Netflix,2018-06-29
36,Simmba,105,"Ranveer Singh",501,Bollywood,605,125,20.2,390,95,295,Blockbuster,5.5,158,ZEE5,2018-12-28
225,"Janatha Garage",140,"N.T. Rama Rao Jr.",503,Kollywood,605,50,45,140,15,125,Blockbuster,7.2,162,"Disney+ Hotstar",2016-09-01
13,Kaththi,107,"Joseph Vijay",503,Kollywood,606,70,25,117.5,29,88.5,Blockbuster,8.1,166,"Amazon Prime Video",2014-10-22
31,Maanikya,130,"V. Ravichandran",507,Sandalwood,606,15,3.5,43,0,43,Blockbuster,6.5,165,ZEE5,2014-05-01
190,Srimanthudu,140,"Mahesh Babu",505,Tollywood,606,70,38,153,20,133,Blockbuster,7.5,158,ZEE5,2015-08-07
62,"Kadaikutty Singam",155,Karthi,503,Kollywood,606,25,7.2,70.1,7,63,Blockbuster,6.8,149,"Disney+ Hotstar",2018-07-13
65,"Irumbu Thirai",158,Vishal,503,Kollywood,607,20,2.3,61.7,15,47,Blockbuster,7.6,160,ZEE5,2018-05-11
78,"Abrahaminte Santhathikal",170,Mammootty,509,Mollywood,607,10,4.5,42.2,14,28.1,Blockbuster,6.7,131,"Aha  ",2018-06-22
15,Veeram,114,"Ajith Kumar",503,Kollywood,613,45,9,100,20,80.5,Blockbuster,6.5,161,"Amazon Prime Video",2014-01-10
186,"Tanu Weds Manu Returns",142,"Kangana Ranaut",501,Bollywood,608,40,9,258,44,214,Blockbuster,7.6,128,"Amazon Prime Video",2015-05-22
55,"Geetha Govindam",149,"Vijay Deverakonda",505,Tollywood,608,9,16,123,11,112.3,Blockbuster,7.7,142,ZEE5,2018-08-17
157,Mahanubhavudu,180,Sharwanand,505,Tollywood,608,15,7,45.3,5,40.1,Blockbuster,6.4,151,"Google Play Movies",2017-09-29
32,Ugramm,131,"Sri Murali",507,Sandalwood,621,4,2,31,0,31,Blockbuster,8,132,"Amazon Prime Video",2014-02-21
80,"Imaikkaa Nodigal",172,Nayanthara,503,Kollywood,621,10,2,40,10,30,Blockbuster,7.3,170,"Amazon Prime Video",2018-09-14
315,Bheeshmaparvam,179,Mammootty,509,Mollywood,621,18,12.2,88.2,37,51.7,Blockbuster,7.6,144,"Disney+ Hotstar",2022-03-03
9,"Ek Villain",109,"Sidharth Malhotra",501,Bollywood,609,40,16.7,155,12,142.7,Blockbuster,6.6,129,Netflix,2014-06-27
43,"Badhaai ho",138,"Ayushmann Khurrana",503,Kollywood,620,30,8,220,44,176,Blockbuster,7.9,124,"Disney+ Hotstar",2018-10-19
68,"Njan Prakashan",161,"Fahadh Faasil",509,Mollywood,620,8,1.5,52,18,34.5,Blockbuster,7.7,131,"Amazon Prime Video",2019-01-04
16,"Velaiilla Pattadhari",115,Dhanush,503,Kollywood,610,20,4.3,92,18,74,Blockbuster,7.9,133,"Amazon Prime Video",2014-07-18
14,"Race Gurram",113,"Allu Arjun",505,Tollywood,612,50,6.8,108.9,6,102.9,Blockbuster,7.3,163,"Amazon Prime Video",2014-04-11
142,"Nenu Local",178,Nani,505,Tollywood,615,20,9.7,60,9,50.8,Blockbuster,6.4,138,ZEE5,2017-02-03
23,Manam,122,"Nagarjuna Akkineni",505,Tollywood,617,25,3.5,62,6,55.6,Blockbuster,8,163,"Amazon Prime Video",2014-05-23
85,Aadhi,177,"Pranav Mohanlal",509,Mollywood,618,7,2.7,36,5,31,Blockbuster,6.4,158,"Aha  ",2018-02-09
91,"Rx 100",183,"Kartikeya Gummakonda",505,Tollywood,619,2,1.5,27.3,1,26.3,Blockbuster,6.9,153,"Amazon Prime Video",2018-07-12
72,96,165,"Vijay Sethupathi",503,Kollywood,636,15,7.6,50,14,36.5,Blockbuster,8.5,158,"Amazon Prime Video",2018-10-05
35,Padmaavat,133,"Deepika Padukone",501,Bollywood,624,190,25,585,185,400,Blockbuster,7.1,163,"Amazon Prime Video",2018-01-25
214,Sultan,111,"Salman Khan",501,Bollywood,680,140,71.3,607.7,187,421.2,Blockbuster,7.1,170,"Amazon Prime Video ",2016-07-06
39,"Baaghi 2",136,"Disha Patani",501,Bollywood,626,65,25,257,45,211.9,Blockbuster,4.8,137,"Disney+ Hotstar ",2018-03-28
84,Ratsasan,176,"Vishnu Vishal",503,Kollywood,626,10,0.5,36.8,7,29.9,Blockbuster,8.3,146,"Amazon Prime Video ",2018-10-05
87,Varathan,179,"Fahadh Faasil",509,Mollywood,627,4,2.1,34.2,4,30.1,Blockbuster,7.5,130,"Amazon Prime Video ",2018-10-04
47,Stree,141,"Rajkummar Rao",501,Bollywood,628,25,9,182,15,167,Blockbuster,7.5,128,"Netflix ",2018-08-31
51,"Sonu Ke Titu Ki Sweety",145,"Kartik Aaryan",501,Bollywood,630,25,13,156.4,17,139.4,Blockbuster,7.1,138,"Amazon Prime Video ",2018-02-23
208,"Bhale Bhale Magadivoy",180,Nani,505,Tollywood,630,10,6.5,50,10,40,Blockbuster,7.7,137,"Amazon Prime Video ",2015-09-04
71,"Thamizh Padam 2",164,Jiiva,503,Kollywood,631,10,4.2,51,3,48.2,Blockbuster,6.5,143,"Amazon Prime Video ",2018-07-13
60,Mahanati,153,"Keerthy Suresh",505,Tollywood,633,20,3.5,83.5,11,73,Blockbuster,8.4,177,"Amazon Prime Video ",2018-05-11
81,Tagaru,173,Shivarajkumar,507,Sandalwood,640,10,7,40,0,40,Blockbuster,7.9,129,"Amazon Prime Video ",2018-02-23
89,"Kolamavu Kokila",181,Nayanthara,503,Kollywood,642,10,4,31.3,2,29.3,Blockbuster,7.3,140,"Disney+ Hotstar ",2018-08-17
228,Baaghi,121,"Tiger Shroff",501,Bollywood,663,35,11.8,125.8,23,102.7,Blockbuster,5.3,133,"Amazon Prime Video ",2016-04-29
187,I,132,Vikram,503,Kollywood,671,90,35,240,38,202,Blockbuster,7.4,188,"Amazon Prime Video ",2015-01-14
262,Doctor,181,Sivakarthikeyan,503,Kollywood,693,40,13.5,100.5,20,80.5,Blockbuster,7.4,148,"Netflix ",2021-10-09
146,"Shatamanam Bhavati",185,Sharwanand,505,Tollywood,647,15,6.5,53.5,5,48.3,Blockbuster,7,129,"Amazon Prime Video ",2017-01-14
96,"Sudani from Nigeria",188,"Soubin Shahir",509,Mollywood,645,2,2,24.7,3,21,Blockbuster,8.1,123,"Netflix ",2018-04-20
97,Chalo,189,"Naga Shaurya",505,Tollywood,646,5,1.2,24,5,19.2,Blockbuster,6.3,145,"Amazon Prime Video ",2018-02-02
99,Goodachari,191,"Adivi Sesh",505,Tollywood,618,5,2.9,23.4,6,17.9,Blockbuster,7.8,147,"Amazon Prime Video ",2018-08-03
286,"RRR (Rise Roar Revolt)",195,"N.T. Rama Rao Jr.",505,Tollywood,698,550,223,1230,314,915.85,Blockbuster,7.8,187,Netflix,2022-03-25
105,"Secret Superstar",196,"Zaira Wasim",501,Bollywood,650,50,5,912.6,831,81.2,Blockbuster,7.8,150,"Amazon Prime Video ",2017-10-19
106,"Tiger Zinda Hai",197,"Salman Khan",501,Bollywood,651,200,65.2,558,124,433.8,Blockbuster,5.9,161,"Amazon Prime Video ",2017-12-22
108,"Hindi Medium",198,"Irrfan Khan",501,Bollywood,620,25,3.5,334,237,96.6,Blockbuster,7.8,132,"Amazon Prime Video ",2017-05-19
111,Mersal,201,"Joseph Vijay",503,Kollywood,607,125,50.3,255,71,184,Blockbuster,7.5,172,Netflix,2017-10-18
131,Fidaa,216,"Varun Tej",505,Tollywood,608,15,8.9,87,13,73.9,Blockbuster,7.4,144,"Disney+ Hotstar",2017-07-21
204,"Thani Oruvan",218,"Jayam Ravi",503,Kollywood,607,20,14,64.7,11,54,Blockbuster,8.4,160,"Amazon Prime Video",2015-08-28
139,"Vikram Vedha",223,Madhavan,503,Kollywood,621,15,3.1,63.2,3,60,Blockbuster,8.2,147,ZEE5,2017-07-21
148,"Ninnu Kori",229,Nani,505,Tollywood,630,20,10.6,52.3,8,44.6,Blockbuster,7.5,137,"Amazon Prime Video",2017-07-07
150,"Arjun Reddy",231,"Vijay Deverakonda",505,Tollywood,619,5,8.2,50,12,38.4,Blockbuster,7.9,182,"Amazon Prime Video",2023-12-07
151,"Munthirivallikal Thalirkkumbol",232,Mohanlal,509,Mollywood,630,10,2.6,50,15,35,Blockbuster,6.9,154,"Sun NXT",2017-01-20
154,Ezra,234,"Prithviraj Sukumaran",509,Mollywood,661,8,1.6,48.6,8,40.5,Blockbuster,6.6,147,"Amazon Prime Video",2017-02-10
158,Hebbuli,236,"V. Ravichandran",507,Sandalwood,627,20,6.5,45,0,45,Blockbuster,6.6,141,ZEE5,2017-04-22
161,Ramaleela,239,Dileep,509,Mollywood,664,14,2.1,40.8,9,32.1,Blockbuster,7.3,158,"Amazon Prime Video",2017-10-27
169,"Aadu 2",244,Jayasurya,509,Mollywood,631,8,3.4,35.3,6,29,Blockbuster,7.1,160,"ZEE5  ",2017-12-22
378,"Anjaam Pathiraa",244,"Kunchacko Boban",509,Mollywood,717,5,1.5,50,15,35,Blockbuster,7.9,144,"Sun NXT  ",2020-01-31
173,Kavan,248,"Vijay Sethupathi",503,Kollywood,627,10,3.1,30,7,22.7,Blockbuster,7.1,150,"Amazon Prime Video  ",2017-03-31
177,"Take Off",251,"Parvathy Thiruvothu",509,Mollywood,627,8,1.4,27.1,6,21,Blockbuster,8.1,139,"Amazon Prime Video  ",2020-01-01
268,Krack,253,"Ravi Teja",505,Tollywood,621,35,1.4,60.15,1,58.75,Blockbuster,6.9,154,"Aha  ",2021-01-09
195,"Kanchana 2",259,"Raghava Lawrence",503,Kollywood,628,17,10,114,6,108,Blockbuster,5.5,166,"Sun NXT  ",2015-04-17
264,Maanaadu,264,"Silambarasan Rajendar",503,Kollywood,639,35,8.4,80.7,17,63.7,Blockbuster,8.2,147,"SonyLIV  ",2021-11-25
205,"Ennu Ninte Moideen",265,"Prithviraj Sukumaran",509,Mollywood,676,10,0.81,57.2,19,38.2,Blockbuster,8,166,"Amazon Prime Video  ",2015-09-19
207,"Two Countries",266,Dileep,509,Mollywood,620,12,2.2,50.3,14,36.3,Blockbuster,6.9,154,"Sun NXT  ",2015-12-25
209,"Amar Akbar Anthony",267,"Prithviraj Sukumaran",509,Mollywood,642,7,1.6,46.4,13,33.4,Blockbuster,6.6,140,"Sun NXT  ",2015-10-16
252,"Kattappanayile Rithwik Roshan",267,Siddique,509,Mollywood,608,3,1.1,37.1,13,23.8,Blockbuster,7.1,140,"Sun NXT  ",2016-11-18
241,Remo,285,Sivakarthikeyan,503,Kollywood,630,25,8,75,12,63.5,Blockbuster,6,151,"Amazon Prime Video  ",2016-10-07
247,Oppam,290,Mohanlal,509,Mollywood,607,7,1.5,52,14,38.3,Blockbuster,7.3,143,"Amazon Prime Video  ",2016-09-08
250,Pichaikkaran,293,"Vijay Antony",503,Kollywood,627,10,1.8,43,10,33,Blockbuster,7.6,130,"Amazon Prime Video  ",2016-03-04
253,"Action Hero Biju",295,"Nivin Pauly",509,Mollywood,691,3,1.6,31.2,13,17.9,Blockbuster,7.6,144,"Sun NXT  ",2016-02-04
290,Vikram,296,"Kamal Haasan",503,Kollywood,621,120,62,414.43,125,289.43,Blockbuster,8.3,175,"Amazon Prime Video  ",2022-06-03
263,Uppena,298,"Panja Vaisshnav Tej",505,Tollywood,619,25,16.9,84.1,3,81.6,Blockbuster,6.5,147,"Netflix  ",2021-02-12
267,"Jathi Ratnalu",301,"Naveen Polishetty",505,Tollywood,631,15,8.5,68,11,57,Blockbuster,7.3,145,"Amazon Prime Video  ",2021-03-11
288,"Ponniyin Selvan Part One",310,Vikram,503,Kollywood,698,250,80.7,488.36,175,313.36,Blockbuster,7.6,167,"Amazon Prime Video  ",2022-09-30
292,"Drishyam 2",313,"Ajay Devgn",501,Bollywood,700,65,23.86,342.31,60,282.81,Blockbuster,8.2,140,"Amazon Prime Video  ",2023-01-12
293,"The Kashmir Files",314,"Mithun Chakraborty",501,Bollywood,647,20,4.9,341,46,295,Blockbuster,8.6,170,"ZEE5  ",2022-03-11
304,"Karthikeya 2",319,"Nikhil Siddharth",505,Tollywood,703,25,8.7,117.87,16,102.37,Blockbuster,7.9,150,"ZEE5  ",2022-08-26
305,Thiruchitrambalam,320,Dhanush,503,Kollywood,704,30,11,117.2,27,90.3,Blockbuster,7.9,131,"Sun NXT  ",2022-08-18
306,Don,321,Sivakarthikeyan,503,Kollywood,608,35,13,114,23,90.65,Blockbuster,6.8,165,"Netflix  ",2022-05-13
308,"777 Charlie",322,"Rakshit Shetty",507,Sandalwood,705,15,9.25,102.75,6,96.95,Blockbuster,8.7,164,"Voot  ",2022-06-10
311,"Sita Ramam",324,"Dulquer Salmaan",505,Tollywood,706,30,5.7,94.28,17,77.28,Blockbuster,8.5,163,"Amazon Prime Video  ",2022-08-05
317,"Love Today",327,"Pradeep Ranganathan",503,Kollywood,608,6,2.85,83.55,5,78.55,Blockbuster,8,154,"Netflix  ",2022-12-02
333,Hridayam,332,"Pranav Mohanlal",509,Mollywood,711,7,5.4,53.1,23,30.6,Blockbuster,8.1,172,"Disney+ Hotstar  ",2022-01-28
335,Malikappuram,333,"Unni Mukundan",509,Mollywood,698,4,0.52,52.4,11,41.9,Blockbuster,7.4,121,"Disney+ Hotstar  ",2022-12-30
346,Thallumaala,341,"Tovino Thomas",509,Mollywood,610,15,7.5,40,13,26.65,Blockbuster,7,148,"Netflix  ",2022-08-12
351,"Nna Thaan Case Kodu",346,"Kunchacko Boban",509,Mollywood,642,7,1.4,31.94,8,23.94,Blockbuster,8,138,"Disney+ Hotstar  ",2022-08-11
355,"DJ Tillu",349,"Sidhu Jonnalagadda",505,Tollywood,719,10,8,30.5,3,27.3,Blockbuster,7.2,121,"aha  ",2022-02-12
367,"Tanhaji The Unsung Warrior",359,"Ajay Devgn",501,Bollywood,723,150,21.8,361,36,325,Blockbuster,7.5,135,"Disney+ Hotstar  ",2020-01-10
381,"Ayyappanum Koshiyum",363,"Biju Menon",509,Mollywood,627,10,2.5,43,13,30,Blockbuster,8,177,"Amazon Prime Video  ",2020-02-14
392,"Kabir Singh",231,"Shahid Kapoor",501,Bollywood,619,55,26.5,377,47,330,Blockbuster,7,173,"Netflix  ",2019-06-21
393,"Uri The Surgical Strike",371,"Vicky Kaushal",501,Bollywood,696,40,8.2,341.75,48,293.75,Blockbuster,8.2,138,"ZEE5  ",2019-01-11
397,"Mission Mangal",372,"Akshay Kumar",501,Bollywood,726,75,42,290.3,54,236,Blockbuster,6.5,130,"Disney+ Hotstar  ",2019-08-15
409,Badla,289,"Amitabh Bachchan",501,Bollywood,700,20,10,140.4,36,104.4,Blockbuster,7.7,118,"Netflix  ",2019-03-08
411,"F2 Fun and Frustration",230,"Tamannaah Bhatia",505,Tollywood,631,30,12.5,137.6,20,117.6,Blockbuster,6.1,148,"Amazon Prime Video  ",2019-01-12
413,Lucifer,378,Mohanlal,509,Mollywood,621,35,14,129.2,51,78.7,Blockbuster,7.5,175,"Amazon Prime Video  ",2019-03-29
414,"Luka Chuppi",379,"Kartik Aaryan",501,Bollywood,630,25,8,128,17,111,Blockbuster,6.4,126,"Netflix  ",2019-03-01
416,Kaithi,296,Karthi,503,Kollywood,621,25,9,106.8,20,86.8,Blockbuster,8.4,145,"Amazon Prime Video  ",2019-10-25
421,"iSmart Shankar",382,"Ram Pothineni",505,Tollywood,622,20,13,80,4,76,Blockbuster,5.4,140,"ZEE5  ",2019-07-18
422,"Madhura Raja",278,Mammootty,509,Mollywood,610,30,9.1,78.4,16,62.4,Blockbuster,5.9,147,"Amazon Prime Video  ",2019-04-12
423,"Avane Srimannarayana",383,"Rakshit Shetty",507,Sandalwood,731,25,5.5,75.3,4,71.2,Blockbuster,7.7,186,"Amazon Prime Video  ",2019-12-27
424,"Namma Veettu Pillai",155,Sivakarthikeyan,503,Kollywood,610,30,10,72,12,60,Blockbuster,6,153,"Sun NXT  ",2019-09-27
425,Asuran,157,Dhanush,503,Kollywood,606,25,5.4,68.8,49,20.2,Blockbuster,8.4,141,"Amazon Prime Video  ",2019-10-03
428,"Prati Roju Pandaage",180,"Sai Dharam Tej",505,Tollywood,643,25,7.1,53.5,4,49.1,Blockbuster,6.3,146,"Amazon Prime Video  ",2019-12-19
430,Comali,327,"Jayam Ravi",503,Kollywood,631,25,13,53,9,43.5,Blockbuster,6.9,143,"Amazon Prime Video  ",2019-08-16
431,Yajamana,385,"Darshan Thoogudeep",507,Sandalwood,637,20,7.3,52,3,49,Blockbuster,6.1,164,"Amazon Prime Video  ",2019-03-01
441,"Thanneer Mathan Dhinangal",390,"Vineeth Sreenivasan",509,Mollywood,630,4,1.2,34.1,13,20.9,Blockbuster,7.8,136,"Amazon Prime Video  ",2019-08-09
442,"Oh! Baby",391,"Samantha Ruth Prabhu",505,Tollywood,617,15,4.8,33.9,7,26.5,Blockbuster,7.3,161,"Netflix  ",2019-07-05
446,"Love Action Drama",393,"Nivin Pauly",509,Mollywood,630,8,2,31.1,8,23.1,Blockbuster,5.2,146,"Sun NXT  ",2019-09-13
447,"Driving Licence",394,"Prithviraj Sukumaran",509,Mollywood,732,4,1.1,31,8,23.5,Blockbuster,7.2,135,"Amazon Prime Video  ",2019-12-24
461,LKG,404,"RJ Balaji",503,Kollywood,631,5,3.5,20.9,5,16.2,Blockbuster,6.9,124,"aha  ",2019-02-22
465,Animal,231,"Ranbir Kapoor",501,Bollywood,621,150,116,915,255,660,Blockbuster,6.1,204,"Netflix  ",2023-12-01
466,"Gadar 2",406,"Sunny Deol",501,Bollywood,699,80,53.3,686,66,620.5,Blockbuster,5.1,170,ZEE5,2023-08-11
468,Leo,296,"Joseph Vijay",503,Kollywood,621,250,142.7,605.9,204,401.9,Blockbuster,7.2,164,Netflix,2023-10-19
469,Jailer,181,Rajinikanth,503,Kollywood,603,200,96.6,604.5,196,408.5,Blockbuster,7.1,168,"Amazon Prime Video",2023-08-10
475,"The Kerala Story",407,"Adah Sharma",501,Bollywood,647,25,9.5,302,16,286.5,Blockbuster,6.9,138,"ZEE5  ",2023-05-12
494,"Mark Antony",414,Vishal,503,Kollywood,738,35,11.45,104.3,19,85.3,Blockbuster,6.6,150,"Amazon Prime Video  ",2023-09-15
499,Baby,418,"Anand Deverakonda",505,Tollywood,636,10,6.3,81.05,6,75.05,Blockbuster,7.1,175,"aha  ",2023-07-14
505,"12th Fail",421,"Vikrant Massey",501,Bollywood,633,20,1.5,70.05,4,66.55,Blockbuster,8.8,147,"Netflix ",2023-10-27
509,"Viduthalai Part 1",157,Soori,503,Kollywood,621,25,5,53,9,43.75,Blockbuster,8.3,150,"ZEE5 ",2023-03-31
511,"Miss. Shetty Mr. Polishetty",424,"Naveen Polishetty",505,Tollywood,742,20,5.8,51,17,33.8,Blockbuster,7,149,Netflix,2023-09-07
516,"Por Thozhil",427,"R. Sarathkumar",503,Kollywood,607,8,1.6,43.5,5,38.2,Blockbuster,8,147,SonyLIV,2023-06-16
539,Dada,448,Kavin,503,Kollywood,741,4,0.85,20.9,2,19.4,Blockbuster,8.1,133,"Amazon Prime Video  ",2023-02-10
540,"Kalki 2898-AD",153,Prabhas,505,Tollywood,746,500,177.7,1042.25,275,767.25,Blockbuster,7,180,"Amazon Prime Video  ",2024-06-27
541,"Stree 2 Sarkate Ka Aatank",141,"Bhumi Rajgor",501,Bollywood,628,80,80,857.07,144,713.07,Blockbuster,7.1,147,"Amazon Prime Video  ",2024-08-15
545,"Hanu Man",449,"Teja Sajja",505,Tollywood,673,30,23.5,295,57,238,Blockbuster,7.8,158,"Amazon Prime Video  ",2024-01-12
550,"The Goat Life",452,"Prithviraj Sukumaran",509,Mollywood,713,50,16.22,157.35,98,97.85,Blockbuster,7.1,173,"Amazon Prime Video  ",2024-03-28
551,Aavesham,422,"Fahadh Faasil",509,Mollywood,612,30,10.5,154.79,56,98.79,Blockbuster,7.8,155,"Amazon Prime Video  ",2024-04-11
552,Raayan,453,Dhanush,503,Kollywood,606,70,23,154,44,110.5,Blockbuster,6.5,145,"Amazon Prime Video  ",2024-07-26
556,Premalu,390,Naslen,509,Mollywood,630,10,1.35,131.18,43,88.68,Blockbuster,7.8,156,"Amazon Prime Video  ",2024-02-15
557,"Tillu Square",456,"Sidhu Jonnalagadda",505,Tollywood,750,35,22.65,126.75,30,96.75,Blockbuster,6.7,137,"aha  ",2024-03-29
558,Munjya,457,Sharvari,501,Bollywood,628,30,4.8,125,5,120,Blockbuster,6.4,123,"Amazon Prime Video  ",2024-06-07
562,Maharaja,460,"Vijay Sethupathi",503,Kollywood,621,30,104.84,71.26,81,80.59,Blockbuster,8.5,141,"Amazon Prime Video  ",2024-06-14
563,A.R.M,461,Mohanlal,509,Mollywood,669,30,6.25,102,32,70,Blockbuster,7.6,150,"Amazon Prime Video  ",2024-09-12
565,"Aranmanai 4",186,"Tamannaah Bhatia",503,Kollywood,666,35,5.3,98,20,78,Blockbuster,5.1,148,"Amazon Prime Video  ",2024-06-21
566,"Guruvayoor Ambalanadayil",339,"Prithviraj Sukumaran",509,Mollywood,631,20,8,90.15,35,55.3,Blockbuster,6.6,132,"Amazon Prime Video  ",2024-05-16
568,"Varshangalkku Shesham",332,"Pranav Mohanlal",509,Mollywood,620,20,10.15,83.1,47,46.6,Blockbuster,6.6,166,"Amazon Prime Video  ",2024-04-11
574,"Kishkindha Kaandam",464,"Asif Ali",509,Mollywood,753,7,0.5,69.25,43,43.25,Blockbuster,8.6,133,"Amazon Prime Video  ",2024-09-12
582,"Demonte Colony 2",172,"VJ Archana",503,Kollywood,754,15,5.05,49.15,42,41.65,Blockbuster,6.7,144,"Amazon Prime Video  ",2024-09-27
586,Vaazhai,303,"Dhivya Dhuraisamy",503,Kollywood,755,5,2.25,39.02,34,34.22,Blockbuster,7.9,134,"Amazon Prime Video  ",2024-08-23
588,"Vaazha Biopic of a Billion Boys",472,"Siju Sunny",509,Mollywood,647,4,2,36.5,27,26.5,Blockbuster,7.3,125,"Amazon Prime Video  ",2024-08-23
135,Raajakumara,126,"Puneeth Rajkumar",507,Sandalwood,606,20,7.3,75,0,74.8,"All Time Blockbuster",7.9,148,"Amazon Prime Video  ",2017-03-24
278,Yuvarathnaa,126,"Puneeth Rajkumar",507,Sandalwood,606,25,10.05,38.7,1,38,"Below Average",6.3,161,"Amazon Prime Video  ",2021-04-01
57,Agnyaathavaasi,143,"Pawan Kalyan",511,Tollywood,606,90,61,96,19,77," Disaster",4.3,158,"Amazon Prime Video  ",2018-01-09
30,"Bangalore Days",129,"Dulquer Salmaan",509,Mollywood,608,10,1.9,50,18,32.5," Blockbuster",8.3,171,"Amazon Prime Video  ",2014-05-30
41,"K.G.F Chapter 1",131,Yash,507,Sandalwood,621,50,25,238,10,228,"All Time Blockbuster",8.2,154,"Amazon Prime Video  ",2018-12-21
287,"K.G.F Chapter 2",131,Yash,507,Sandalwood,621,100,159,1215,214,1000.85," All Time Blockbuster",8.2,166,"Amazon Prime Video  ",2022-04-13
163,"Jomonte Suvisheshangal",161,"Dulquer Salmaan",509,Mollywood,620,12,2.7,38.4,9,29.8,"Super Hit",6.6,156,"Amazon Prime Video  ",2017-02-03
368,"Ala Vaikunthapurramuloo",143,"Allu Arjun",511,Tollywood,610,100,57,269.35,36,233.35," Blockbuster",7.3,163,"Netflix  ",2020-01-10
107,"Golmaal Again",105,"Ajay Devgn",515,Bollywood,652,135,31,308.5,46,262.8," Blockbuster",5,140,"Amazon Prime Video  ",2017-10-20
147,"Velaiilla Pattadhari 2",116,Dhanush,517,Kollywood,612,30,6.9,53.5,6,47.5," Flop",5.4,128,"Amazon Prime Video  ",2017-08-11
202,"Bruce Lee The Fighter",123,"Ram Charan",511,Tollywood,612,60,22,68.5,12,57," Flop",5.5,151,"Amazon Prime Video  ",2015-10-16
67,"The Villain",160,Shivarajkumar,507,Sandalwood,618,45,12,52.7,7,45.5,"Above Average",4.9,176,"Amazon Prime Video  ",2018-10-18
27,"Mr. And Mrs. Ramchari",126,Yash,507,Sandalwood,619,6,4,53,1,51.6,"All Time Blockbuster",7.3,156,"Amazon Prime Video  ",2014-12-25
92,Theevandi,184,"Tovino Thomas",509,Mollywood,631,5,1.7,27.1,3,24.4,"Super Hit",6.6,144,"Amazon Prime Video  ",2018-09-21
61,"Kayamkulam Kochunni",154,"Nivin Pauly",509,Mollywood,634,40,9.5,71.3,20,51,"Super Hit",6.8,152,"Amazon Prime Video  ",2018-10-19
66,Odiyan,159,Mohanlal,509,Mollywood,635,50,18.3,53.6,14,40,Flop,5.2,167,"Amazon Prime Video  ",2018-12-14
83,Taxiwaala,175,"Vijay Deverakonda",511,Tollywood,641,10,3.5,38,3,35," Hit",6.8,137,"Amazon Prime Video  ",2018-11-16
100,Koode,129,"Prithviraj Sukumaran",513,Mollywood,648,6,1.6,23.3,4,18.9," Hit",7.6,155,"Amazon Prime Video  ",2018-08-17
372,"Street Dancer 3D",135,"Varun Dhawan",515,Bollywood,650,100,14.7,102,15,87," Flop",3.7,146,"Amazon Prime Video  ",2020-01-24
176,"CIA Comrade in America",179,"Dulquer Salmaan",509,Mollywood,667,8,3.1,27.5,4,23.8,"Super Hit",6.4,134,"Amazon Prime Video  ",2017-05-19
118,"Khaidi No. 150",206,Chiranjeevi,511,Tollywood,655,65,50,160,16,143.7," Blockbuster",5.8,142,"Amazon Prime Video  ",2017-01-13
375,"Love Aaj Kal",207,"Kartik Aaryan",515,Bollywood,636,60,18,56.9,10,46.9," Flop",4.7,142,"Amazon Prime Video  ",2020-02-14
125,"Fukrey Returns",211,"Pulkit Samrat",515,Bollywood,631,25,8.1,112.2,4,108.2,"  Super Hit",6.5,141,"Amazon Prime Video  ",2017-12-08
370,"Sarileru Neekevvaru",230,"Mahesh Babu",511,Tollywood,610,100,65,221.7,25,196.7," Super Hit",5.8,169,"Amazon Prime Video  ",2020-01-10
156,"The Great Father",235,Mammootty,509,Mollywood,626,10,4.3,46.6,12,34.8,"Super Hit",6.8,151,"Amazon Prime Video  ",2017-03-30
159,Anjaniputra,237,"Puneeth Rajkumar",507,Sandalwood,616,20,5,45,0,45,"Super Hit",5.9,149,"Amazon Prime Video  ",2017-12-21
280,Red,246,"Ram Pothineni",511,Tollywood,626,20,9.4,31.2,1,30.7," Average",6.4,146,"Amazon Prime Video  ",2021-01-14
174,Chakravarthy,249,"Darshan Thoogudeep",507,Sandalwood,640,20,5,30,0,30,"Above Average",6.3,156,"Amazon Prime Video  ",2017-04-14
178,"Njandukalude Naattil Oridavela",252,"Nivin Pauly",509,Mollywood,668,5,1.6,25.6,7,19.1,"Super Hit",7.1,131,"Amazon Prime Video  ",2017-09-29
200,Premam,263,"Nivin Pauly",509,Mollywood,608,4,1.4,77.2,28,49.2,"All Time Blockbuster",8.3,156,"Amazon Prime Video  ",2015-06-19
211,Charlie,269,"Dulquer Salmaan",513,Mollywood,677,7,2.1,36.1,16,20.3," Blockbuster",8,130,"Amazon Prime Video  ",2015-12-24
212,"Oru Vadakkan Selfie",270,"Nivin Pauly",509,Mollywood,678,4,1.1,31.5,10,21.5,"Super Hit",6.7,141,"Amazon Prime Video  ",2015-03-27
219,"M.S. Dhoni The Untold Story",275,"Sushant Singh Rajput",515,Bollywood,682,100,21.4,215.4,31,184.6," Super Hit",8,184,"Amazon Prime Video  ",2016-09-30
223,Pulimurugan,278,Mohanlal,509,Mollywood,618,25,4.1,150,44,105.9,"All Time Blockbuster",6.6,161,"Amazon Prime Video  ",2016-11-04
275,"Marakkar Lion of the Arabian Sea",290,Mohanlal,509,Mollywood,696,100,20.3,45.4,23,22.4,Disaster,5.9,181,"Amazon Prime Video  ",2021-12-02
251,"Jacobinte Swargarajyam",294,"Nivin Pauly",513,Mollywood,690,4,1.3,39.3,15,24," Blockbuster",7.6,145,"Amazon Prime Video  ",2016-05-06
265,Kurup,299,"Dulquer Salmaan",509,Mollywood,694,35,18.3,78.9,35,43.9,"Super Hit",7,140,"Amazon Prime Video  ",2021-11-12
266,Roberrt,300,"Darshan Thoogudeep",507,Sandalwood,695,30,16.9,69.5,0,69.5,"Super Hit",5.9,166,"Amazon Prime Video  ",2021-03-11
274,Pogaru,305,"Dhruva Sarja",507,Sandalwood,637,25,10.25,45.1,0,45.1,Average,3.6,160,"Amazon Prime Video  ",2021-02-19
277,"Kotigobba 3",306,Sudeep,507,Sandalwood,619,25,6.9,39.1,0,39.1,"Below Average",5.5,140,"Amazon Prime Video  ",2021-10-14
281,"The Priest",308,Mammootty,509,Mollywood,661,15,2.55,28.5,10,18.4,"Super Hit",6,140,"Amazon Prime Video  ",2021-03-11
285,Salaga,309,"Duniya Vijay",519,Sandalwood,607,10,5.5,22,0,22," Hit",6.9,124,"Amazon Prime Video  ",2021-08-20
291,Kantara,312,"Rishab Shetty",507,Sandalwood,699,16,2.8,407.82,44,363.82,"All Time Blockbuster",8.2,148,"Amazon Prime Video  ",2022-09-30
309,"VR (Vikrant Rona)",323,Sudeep,507,Sandalwood,626,80,25.5,100.35,6,94.75,Average,6.9,148,"Disney+ Hotstar",2022-07-28
312,James,325,"Puneeth Rajkumar",507,Sandalwood,610,40,23.5,94.2,5,89.2,"Super Hit",7.4,149,SonyLIV,2022-03-17
338,"Jana Gana Mana",335,"Prithviraj Sukumaran",509,Mollywood,654,15,2,48.8,19,30.1," Blockbuster",8.3,162,Netflix,2022-04-28
341,Kaduva,337,"Prithviraj Sukumaran",509,Mollywood,627,18,5.56,44.93,21,24.23,"Super Hit",6.1,155,"Amazon Prime Video",2022-07-07
343,"Jaya Jaya Jaya Jaya Hey",339,"Darshana Rajendran",509,Mollywood,707,5,1.2,43.2,12,31.1," Blockbuster",7.7,145,"Disney+ Hotstar",2022-10-28
347,Rorschach,342,Mammootty,509,Mollywood,714,18,5.2,39.13,17,22.42,"Super Hit",6.9,150,"Disney+ Hotstar",2022-10-14
353,"CBI 5",347,Mammootty,509,Mollywood,717,15,4.45,31.3,15,16.3,Hit,5.6,162,Netflix,2022-05-01
356,Paappan,350,"Suresh Gopi",509,Mollywood,700,10,2.55,28.2,9,19.6,"Super Hit",6.7,169,ZEE5,2022-07-29
365,Aaraattu,357,Mohanlal,509,Mollywood,606,18,6.95,20.15,7,13.15,Flop,3.8,167,"Amazon Prime Video",2022-02-18
382,Shylock,364,Mammootty,509,Mollywood,627,15,4,34,13,21,Hit,5.1,130,"Amazon Prime Video",2020-01-23
386,"Varane Avashyamund",367,Shobana,509,Mollywood,608,10,1.5,31.5,6,25.5,"Super Hit",6.9,145,Netflix,2020-02-07
387,Trance,368,"Fahadh Faasil",509,Mollywood,664,35,3.6,25.2,6,19.2,Disaster,7.3,170,"Amazon Prime Video  ",2020-02-21
390,War,104,"Hrithik Roshan",515,Bollywood,651,175,74.3,475.62,97,378.58," Blockbuster",6.5,151,"Amazon Prime Video  ",2019-10-02
391,Saaho,370,Prabhas,511,Tollywood,618,50,30,451,92,359," Below Average",5.1,170,"Amazon Prime Video  ",2019-08-30
420,Kurukshetra,381,"Darshan Thoogudeep",507,Sandalwood,730,60,8.2,81,3,78,Hit,6.2,185,"Amazon Prime Video  ",2019-08-09
429,Pailwaan,384,"Suniel Shetty",507,Sandalwood,665,35,9,53.4,5,48.4,Hit,6.2,166,"Amazon Prime Video  ",2019-09-13
433,Natasaarvabhowma,386,"Puneeth Rajkumar",507,Sandalwood,637,20,6.7,50,1,49,Hit,6.5,157,"Amazon Prime Video  ",2019-02-15
436,"Kumbalangi Nights",388,"Fahadh Faasil",509,Mollywood,608,5,0.87,39.4,16,23," Blockbuster",8.5,135,"Amazon Prime Video  ",2019-02-22
444,"Mamangam History of the Brave",392,Mammootty,509,Mollywood,696,45,9.5,32.4,12,20.7,Disaster,5.3,157,"Amazon Prime Video  ",2019-12-13
450,"Ittymaani Made in China",397,Mohanlal,509,Mollywood,620,10,2.8,27.7,9,18.7,Hit,4.3,158,"Amazon Prime Video  ",2019-09-05
453,Odeya,399,"Darshan Thoogudeep",507,Sandalwood,606,15,2.5,25.5,1,24.5,Hit,3.8,164,"Amazon Prime Video  ",2019-12-12
456,"Oru Yamandan Premakadha",401,"Dulquer Salmaan",509,Mollywood,608,7,2,23.2,6,17,Hit,5.1,165,"Amazon Prime Video  ",2019-05-03
457,Uyare,402,"Parvathy Thiruvothu",509,Mollywood,647,6,1.2,23.7,8,15.9,"Super Hit",8,125,"Amazon Prime Video  ",2019-05-03
458,Unda,341,Mammootty,513,Mollywood,691,8,1.7,23,7,16," Hit",7.7,130,"Amazon Prime Video  ",2019-06-14
459,Virus,403,"Parvathy Thiruvothu",513,Mollywood,664,6,1.1,22.2,6,15.8," Super Hit",7.7,152,"Amazon Prime Video  ",2019-06-14
467,"Salaar Part 1 - Ceasefire",131,Prabhas,511,Tollywood,621,280,158.1,617.75,130,487.75," Super Hit",6.6,175,"Amazon Prime Video  ",2023-12-22
472,Adipurush,359,Prabhas,511,Tollywood,735,500,127.5,393,50,343," Disaster",2.7,179,"Amazon Prime Video  ",2023-06-16
476,Varisu,125,"Joseph Vijay",517,Kollywood,613,200,47.2,297.55,89,208.55," Hit",6,169,"Amazon Prime Video  ",2023-01-11
479,"Waltair Veerayya",208,Chiranjeevi,511,Tollywood,606,125,44.6,219,29,190," Super Hit",6.2,155,"Amazon Prime Video  ",2023-01-13
481,"Kisi Ka Bhai Kisi Ki Jaan",328,"Salman Khan",515,Bollywood,613,125,27,184.6,53,132," Below Average",4,145,"Amazon Prime Video  ",2023-04-21
482,2018,409,"Tovino Thomas",513,Mollywood,627,28,3.3,180.03,70,110.53," All Time Blockbuster",8.3,150,"Amazon Prime Video  ",2023-05-05
485,"Veera Simha Reddy",253,"Nandamuri Balakrishna",511,Tollywood,606,85,47.3,130,15,115," Above Average",4.9,170,"Amazon Prime Video  ",2023-01-12
487,Bholaa,279,"Ajay Devgn",515,Bollywood,683,100,16.5,123,15,108," Average",5.8,144,"Amazon Prime Video  ",2023-03-30
490,Vaathi,169,Dhanush,517,Kollywood,606,40,14.4,116.2,25,91.2," Blockbuster",7.3,139,"Amazon Prime Video  ",2023-03-17
495,Virupaksha,415,"Sai Dharam Tej",511,Tollywood,739,40,11,89.8,14,75.8," Super Hit",7.2,145,"Amazon Prime Video  ",2023-04-21
496,Neru,177,Mohanlal,513,Mollywood,664,15,5.85,85.6,32,53.25," Blockbuster",7.5,150,"Amazon Prime Video  ",2023-12-21
497,"RDX Robert Dony Xavier",416,"Antony Varghese",513,Mollywood,625,15,2.5,84.75,29,56," Blockbuster",7.1,151,"Amazon Prime Video  ",2023-09-24
498,"Kannur Squad",417,Mammootty,513,Mollywood,621,25,5,82,35,47.5," Blockbuster",7.6,161,"Amazon Prime Video  ",2023-09-28
500,Kaatera,300,"Darshan Thoogudeep",519,Sandalwood,637,45,13,80.5,0,80.5," Hit",7.4,183,"Amazon Prime Video  ",2023-12-29
502,"Hi Nanna",420,Nani,511,Tollywood,741,45,9.8,76.35,19,57.85," Hit",8.2,155,"Amazon Prime Video  ",2023-12-07
506,Romancham,422,"Soubin Shahir",513,Mollywood,628,3,0.5,69,23,45.7," Blockbuster",7.5,130,"Amazon Prime Video  ",2023-02-03
513,Kranti,426,"Darshan Thoogudeep",507,Sandalwood,606,35,11.6,48.2,0,48.2,"Below Average",5.1,163,"Amazon Prime Video  ",2023-01-26
515,"Mission Raniganj The Great Bharat Rescue",274,"Akshay Kumar",515,Bollywood,743,55,3.8,46,6,40.4," Disaster",7.1,134,"Amazon Prime Video  ",2023-10-06
519,Kabzaa,430,Upendra,507,Sandalwood,607,70,12.5,40.4,5,35.8,Disaster,4.7,134,"Amazon Prime Video  ",2023-03-17
520,"King of Kotha",431,"Dulquer Salmaan",509,Mollywood,621,45,15,39.1,16,23.2,Disaster,6.1,174,"Amazon Prime Video  ",2023-08-24
522,"Mrs. Chatterjee vs. Norway",433,"Rani Mukerji",515,Bollywood,633,20,3.2,37.5,11,26.5," Above Average",7.3,144,"Amazon Prime Video  ",2023-03-17
524,Samajavaragamana,435,"Sree Vishnu",511,Tollywood,707,5,1.9,32,9,22.65," Blockbuster",7.4,140,"Amazon Prime Video  ",2023-06-29
525,Garudan,436,"Suresh Gopi",513,Mollywood,745,8,4,27.1,10,17.5," Hit",7.3,138,"Amazon Prime Video  ",2023-11-03
526,Ghost,437,Shivarajkumar,507,Sandalwood,618,20,2.8,26.65,1,25.9,"Below Average",6.3,132,"Amazon Prime Video  ",2023-10-19
527,Balagam,438,"Priyadarshi Pulikonda",511,Tollywood,643,3,0.5,26.55,0,26.3," Blockbuster",7.9,131,"Amazon Prime Video  ",2023-03-03
529,"Sapta Sagaradaache Ello Side A",440,"Rakshit Shetty",519,Sandalwood,636,20,2.3,26.25,0,26.25," Average",8.2,142,"Amazon Prime Video  ",2023-09-01
530,Mad,441,Anthony,511,Tollywood,631,5,1.8,26,4,22.5," Blockbuster",7.4,127,"Amazon Prime Video  ",2023-10-06
532,Devil,442,"Nandamuri Kalyan Ram",511,Tollywood,627,30,4.4,23.2,2,21.4," Disaster",6.5,144,"Amazon Prime Video  ",2023-12-29
533,Ravanasura,443,"Ravi Teja",511,Tollywood,621,35,7.7,23.1,3,20.1," Disaster",5.7,141,"Amazon Prime Video  ",2023-04-07
535,"Maa Oori Polimera 2",445,"Rajsekhar Aningi",511,Tollywood,666,8,3,21.8,3,19.3," Blockbuster",7.1,125,"Amazon Prime Video  ",2023-11-03
536,"Voice of Sathyanathan",446,"Thennal Abhilash",513,Mollywood,678,10,1.95,22.1,5,16.85," Hit",5.7,135,"Amazon Prime Video  ",2023-07-28
537,Mangalavaaram,183,"Payal Rajput",511,Tollywood,715,15,3.5,21.35,2,19.1," Average",6.8,149,"Amazon Prime Video  ",2023-11-17
538,Spy,447,"Nikhil Siddharth",511,Tollywood,618,25,10.2,21,4,17.5," Flop",4.7,135,"Amazon Prime Video  ",2023-06-29
547,"Manjummel Boys",451,"Soubin Shahir",509,Mollywood,747,22,6.4,241.1,168,167.65,"All Time Blockbuster",8.2,135,"Amazon Prime Video  ",2024-02-22
571,Turbo,278,Mammootty,509,Mollywood,612,35,15.7,72.25,32,40.25,Hit,5.9,155,"Amazon Prime Video  ",2024-05-23
576,Bramayugam,466,Mammootty,509,Mollywood,748,30,7.65,60.24,34,33.81,"Super Hit",7.8,139,"Amazon Prime Video  ",2024-02-15
585,"Abraham Ozler",244,Jayaram,509,Mollywood,700,15,5.88,40.82,25,25.11,"Super Hit",6.5,143,"Amazon Prime Video  ",2024-01-11
592,Eagle,476,"Ravi Teja",511,Tollywood,618,40,8.5,31.34,28,28.24,Flop,6,159,"Amazon Prime Video  ",2024-02-09
593,"Mathu Vadalara 2",477,"Vennela Kishore",511,Tollywood,632,16,5,32.5,23,23,Disaster,7,139,"Netflix  ",2024-09-13
594,"The Family Star",149,"Vijay Deverakonda",511,Tollywood,619,50,12,30.65,21,21.15,"Super Hit",5.4,159,"Amazon Prime Video",2024-04-05
595,"Malaikottai Vaaliban",478,Mohanlal,509,Mollywood,756,60,12.15,30.31,17,17.15,Disaster,6,156,"Disney+ Hotstar",2024-01-25
598,Star,481,Kavin,517,Kollywood,647,12,3.25,25.11,22,22.36,Hit,6.5,158,"Amazon Prime Video",2024-06-07
599,Gaami,482,"Vishwak Sen",511,Tollywood,757,15,7.5,24,19,18.62,Hit,6.5,147,ZEE5,2024-03-08
600,Bheema,309,"Duniya Vijay",519,Sandalwood,640,8,4.6,23,0,23,"Super Hit",5.7,148,"Amazon Prime Video",2024-08-09
601,Nunakkuzhi,177,"Nikhila Vimal",513,Mollywood,755,8,2.41,22.75,13,13,Hit,6.8,125,"ZEE5      ",2024-08-15
602,"Ooru Peru Bhairavakona",483,"Sundeep Kishan",511,Tollywood,758,15,4.8,22.47,20,20.22,Hit,5.6,133,"Amazon Prime Video  ",2024-02-16
603,Manamey,163,"Vikram Aditya",511,Tollywood,631,20,3.25,21,19,18.65,Disaster,6,155,"Amazon Prime Video  ",2024-06-07
604,"Gangs of Godavari",484,"Vishwak Sen",511,Tollywood,759,20,7.5,20.25,18,18,Disaster,5,165,"Netflix  ",2024-06-13
295,Beast,181,"Joseph Vijay",503,Kollywood,603,150,82.4,216.58,65,151.58,"Below Average",5.2,155,"Netflix  ",2022-04-13
20,Jilla,119,Mohanlal,503,Kollywood,605,50,12,80,11,69,"Below Average",6.2,185,"Amazon Prime Video  ",2014-01-09
215,Kabali,147,Rajinikanth,503,Kollywood,605,90,90,309,104,205,"Super Hit",6.1,153,"Amazon Prime Video",2016-07-22
40,Sarkar,107,"Joseph Vijay",503,Kollywood,606,135,71,252,70,182,"Above Average",6.7,163,"Amazon Prime Video",2018-11-07
194,Vedalam,114,"Ajith Kumar",503,Kollywood,606,50,24,125.7,32,93.7,"Super Hit",6.3,148,"Amazon Prime Video",2015-11-13
53,Kaala,147,Rajinikanth,503,Kollywood,606,135,40,151.7,40,112.2,"Below Average",6.5,162,"Amazon Prime Video  ",2018-06-07
63,"Seema Raja",156,Sivakarthikeyan,503,Kollywood,606,40,13.6,65.6,13,52.6,"Below Average",4.3,158,"Amazon Prime Video",2018-09-14
69,"Sandakozhi 2",162,Vishal,503,Kollywood,606,30,5.4,51.9,8,44,Average,5,155,"Amazon Prime Video",2018-10-19
369,Darbar,107,Rajinikanth,503,Kollywood,607,200,53,247.8,74,173.8,"Below Average",5.9,159,"Amazon Prime Video",2020-01-10
19,Anjaan,118,Suriya,503,Kollywood,607,65,11,80.4,18,62.3,"Below Average",5.3,166,"Amazon Prime Video",2014-08-15
329,Cobra,172,Vikram,503,Kollywood,607,90,25,58.86,8,50.86,Disaster,6,183,"Amazon Prime Video",2022-08-31
334,"Kaathu Vaakula Rendu Kaadhal",152,"Vijay Sethupathi",503,Kollywood,608,25,8.5,52.5,10,42.5,"Super Hit",5.5,157,"Disney+ Hotstar",2022-04-28
58,"Chekka Chivantha Vaanam",151,"Arvind Swamy",503,Kollywood,621,35,12,91.2,31,60.5,"Super Hit",7.2,146,"Amazon Prime Video",2018-09-28
321,"Etharkkum Thunindhavan",155,Suriya,503,Kollywood,621,65,14,71.4,14,57.4,Flop,6.4,151,Netflix,2022-03-10
64,"Vada Chennai",157,Dhanush,503,Kollywood,621,40,10.9,63,8,55,"Above Average",8.4,164,"Disney+ Hotstar",2018-10-17
28,"Maan Karate",127,Sivakarthikeyan,503,Kollywood,620,15,4.1,42,10,32,"Super Hit",5.2,153,"Amazon Prime Video",2014-03-28
10,Lingaa,110,Rajinikanth,503,Kollywood,610,100,39,154,30,124,"Below Average",5.6,174,"Amazon Prime Video",2014-12-12
259,Annaatthe,114,Rajinikanth,503,Kollywood,610,180,50.7,172,48,124.3,Flop,4,163,Netflix,2021-11-04
76,"Maari 2",168,Dhanush,503,Kollywood,612,35,7.5,47,17,30.5,"Below Average",5.6,143,"Disney+ Hotstar",2018-12-21
17,Kochadaiiyaan,116,Rajinikanth,503,Kollywood,614,125,18,90,23,67,Disaster,6.2,118,"Amazon Prime Video",2014-05-22
121,Vivegam,114,"Ajith Kumar",503,Kollywood,618,120,35,126,34,92,Flop,5.2,149,"Amazon Prime Video",2017-08-25
75,"Vishwaroopam 2",167,"Kamal Haasan",503,Kollywood,618,100,7,47.7,11,37,Disaster,5.8,145,"Amazon Prime Video",2018-08-10
82,Sketch,174,Vikram,503,Kollywood,618,30,10,40,4,36,"Below Average",5.6,137,"Amazon Prime Video",2018-01-12
162,"Kaatru Veliyidai",151,Karthi,503,Kollywood,619,30,12,40.8,9,32,"Below Average",5.8,146,"Amazon Prime Video",2017-04-07
364,Yaanai,166,"Arun Vijay",503,Kollywood,619,15,2.7,21.8,2,19.8,Average,6.1,154,"Amazon Prime Video",2022-07-01
33,2,132,Rajinikanth,503,Kollywood,622,540,105,701,172,529,"Above Average",6,148,"Amazon Prime Video",2018-11-29
316,Sardar,158,Karthi,503,Kollywood,627,35,6.1,84.5,20,64.5,"Super Hit",7.5,166,"Amazon Prime Video",2022-10-21
59,"Thaanaa Serndha Koottam",152,Suriya,503,Kollywood,632,60,16.2,90.2,22,68.2,"Below Average",6.3,138,"Amazon Prime Video",2018-01-12
74,Saamy²,166,Vikram,503,Kollywood,637,50,12,49,9,40,Disaster,4.5,156,"Amazon Prime Video",2018-09-21
79,"Tik Tik Tik",171,"Jayam Ravi",503,Kollywood,639,20,3,41,15,26,Hit,5.8,130,"Amazon Prime Video",2018-06-22
232,24,122,Suriya,503,Kollywood,686,70,21,102,29,73.2,Hit,7.8,164,"Amazon Prime Video",2016-05-06
94,"Kalakalapu 2",186,Jiiva,503,Kollywood,620,10,2.5,25,2,23,Hit,5.2,154,"Amazon Prime Video",2018-02-09
254,"Aranmanai 2",186,Siddharth,503,Kollywood,628,15,2.8,31,11,20.5,Average,4.5,136,"Amazon Prime Video",2016-01-29
283,"Aranmanai 3",186,Arya,503,Kollywood,697,15,4.2,24,1,23,"Below Average",4.1,155,"Amazon Prime Video",2021-10-14
236,"Iru Mugan",190,Vikram,503,Kollywood,622,40,25,89,14,75,Hit,6.3,154,"Amazon Prime Video",2016-09-09
284,Enemy,190,Vishal,503,Kollywood,627,30,7.5,25,5,20,Disaster,6.1,159,"Amazon Prime Video",2021-11-04
222,Theri,201,"Joseph Vijay",503,Kollywood,607,75,28,154.5,44,110.2,"Super Hit",7.3,157,"Amazon Prime Video",2016-04-15
126,Bairavaa,212,"Joseph Vijay",503,Kollywood,618,60,27,110,30,79.6,Average,5.8,169,"Amazon Prime Video",2017-01-12
127,"Singam 3",213,Suriya,503,Kollywood,607,65,20,106,26,80,"Below Average",6,155,"Amazon Prime Video",2017-02-10
133,Velaikkaran,218,Sivakarthikeyan,503,Kollywood,627,40,7.5,85.4,21,64.4,"Super Hit",7.2,160,"Amazon Prime Video",2017-12-22
141,"Theeran Adhigaaram Ondru",225,Karthi,503,Kollywood,607,25,4.5,60.3,9,51.1,"Super Hit",8.2,157,"Amazon Prime Video",2017-11-17
298,Valimai,225,"Ajith Kumar",503,Kollywood,607,150,47.5,164.5,41,123.5,Flop,6.1,178,ZEE5,2022-02-25
170,Thupparivaalan,245,Vishal,503,Kollywood,607,15,2.5,33.6,12,21.7,"Super Hit",7.5,151,"Amazon Prime Video",2017-09-15
172,Aval,247,Siddharth,503,Kollywood,666,7,2.2,30.3,6,24,"Super Hit",6.7,137,"Amazon Prime Video",2017-11-03
206,Anegan,248,Dhanush,503,Kollywood,663,25,6.5,54,4,50,"Above Average",6.7,154,"Amazon Prime Video",2015-02-13
175,"Motta Shiva Ketta Shiva",250,"Raghava Lawrence",503,Kollywood,637,12,3,28.6,3,25.6,"Below Average",3.6,151,"Amazon Prime Video",2020-03-01
196,Puli,260,"Joseph Vijay",503,Kollywood,673,100,28.5,97,25,72,Disaster,4.3,155,"Amazon Prime Video",2015-10-01
199,"Yennai Arindhaal",262,"Ajith Kumar",503,Kollywood,621,50,14.5,87.5,29,59,Hit,7.3,168,"Amazon Prime Video",2015-02-06
332,"Vendhu Thanindhathu Kaadu",262,"Silambarasan Rajendar",503,Kollywood,605,25,10.5,54.5,14,41,"Super Hit",7.3,177,"Amazon Prime Video",2022-09-15
203,"Massu Engira Masilamani",264,Suriya,503,Kollywood,675,60,7,68,20,48,Flop,5.9,151,"Amazon Prime Video",2015-05-29
276,Sulthan,285,Karthi,503,Kollywood,606,30,8.55,45,10,35,"Below Average",6.2,145,"Amazon Prime Video",2021-04-02
242,Kaashmora,286,Karthi,503,Kollywood,687,65,12.5,61,4,57,Disaster,5.6,163,"Amazon Prime Video",2016-10-28
257,Master,296,"Joseph Vijay",503,Kollywood,621,135,49.78,223,44,178.75,"Super Hit",7.4,179,"Amazon Prime Video",2021-01-13
345,Prince,301,"Premgi Amaren",503,Kollywood,619,35,8.5,41.13,9,32.13," Flop",4.4,143,"Amazon Prime Video",2022-10-21
271,Karnan,303,Dhanush,503,Kollywood,606,40,13.55,55,5,50.5,Hit,8,158,"Amazon Prime Video",2021-04-09
324,Viruman,330,Arundhati,503,Kollywood,606,30,9.8,63.77,9,55.27,Hit,4.9,149,"Amazon Prime Video",2022-08-12
340,"Rocketry The Nambi Effect",336,Madhavan,503,Kollywood,633,25,2.5,45.25,5,40.25,Hit,8.7,157,"Amazon Prime Video",2022-07-01
349,"Naane Varuvean",344,Dhanush,503,Kollywood,715,30,9,35.6,6,29.6,Flop,6.2,122,"Amazon Prime Video",2022-09-29
380,Pattas,362,Dhanush,503,Kollywood,606,40,8,43,6,37," Below Average",5.6,141,"Amazon Prime Video",2020-01-17
395,Bigil,201,"Joseph Vijay",503,Kollywood,665,80,62.8,295.85,94,201.85,"Super Hit",6.7,179,"Amazon Prime Video",2019-10-25
400,Petta,373,Rajinikanth,503,Kollywood,606,25,37.5,232.9,74,158.9,"Super Hit",7.1,171,"Amazon Prime Video",2019-01-10
405,Viswasam,114,"Ajith Kumar",503,Kollywood,606,90,29,204.2,43,161.2,"Super Hit",6.5,153,"Amazon Prime Video",2019-01-11
412,"Kanchana 3",259,"Raghava Lawrence",503,Kollywood,652,40,20,130.2,15,115.2,"Super Hit",4.2,164,"Amazon Prime Video",2019-04-19
415,"Nerkonda Paarvai",225,"Ajith Kumar",503,Kollywood,621,50,27,126.7,25,101.7,Hit,7.7,157,"Amazon Prime Video",2019-08-09
419,Kaappaan,248,Suriya,503,Kollywood,618,75,15.5,94.5,14,80.5,Average,6.2,166,"Amazon Prime Video",2019-09-20
426,NGK,344,Suriya,503,Kollywood,606,65,19,62,12,50,Disaster,5.7,148,"Amazon Prime Video",2019-05-31
435,"Kadaram Kondan",387,Vikram,503,Kollywood,607,40,9,40,5,35,Flop,5.6,121,"Amazon Prime Video",2019-07-19
439,Hero,158,Sivakarthikeyan,503,Kollywood,627,30,5,37.2,4,33.4,"Below Average",6.3,164,"Amazon Prime Video",2019-12-20
443,Thambi,177,Karthi,503,Kollywood,618,25,4,33.5,6,27.5,"Below Average",6.7,149,"Amazon Prime Video",2019-12-20
448,Mr.Local,395,Sivakarthikeyan,503,Kollywood,613,35,9,29,7,22.5,Disaster,3.3,155,"Amazon Prime Video",2019-05-03
449,"Super Deluxe",396,"Vijay Sethupathi",503,Kollywood,733,25,2.2,27.8,6,21.8,"Below Average",8.2,176,Netflix,2019-04-05
452,Thadam,398,"Arun Vijay",503,Kollywood,626,14,1.2,26,4,22,"Above Average",8.1,138,"Amazon Prime Video",2019-03-01
455,"Dhilluku Dhuddu 2",400,Santhanam,503,Kollywood,628,7,2.2,24,8,16.5,"Super Hit",5.4,119,"Amazon Prime Video",2019-01-25
474,"Ponniyin Selvan Part Two",310,Vikram,503,Kollywood,698,250,62.45,344.63,130,214.63,Hit,7.3,164,"Amazon Prime Video",2023-04-28
480,Thunivu,225,"Ajith Kumar",503,Kollywood,621,120,39.6,200,56,144.1,Hit,6.1,146,Netflix,2023-01-11
501,Maaveeran,419,Sivakarthikeyan,503,Kollywood,740,50,11.7,78.4,16,62.9,Hit,7.4,163,"Amazon Prime Video",2023-07-14
504,Maamannan,303,Vadivelu,503,Kollywood,627,30,11,73.8,13,61,"Super Hit",6.7,157,Netflix,2023-06-29
507,"Jigarthanda DoubleX",373,"Raghava Lawrence",503,Kollywood,610,50,4.15,64.55,12,52.25,Average,8,172,Netflix,2023-11-12
508,"Chandramukhi 2",423,"Raghava Lawrence",503,Kollywood,675,65,11.7,54.1,8,46.1,Disaster,2.6,172,Netflix,2023-09-15
517,"Pichaikkaran 2",428,"Vijay Antony",503,Kollywood,744,25,8.5,43.5,1,42.2,Hit,5.7,148,"Disney+ Hotstar",2023-05-19
521,"DD Returns",432,Santhanam,503,Kollywood,628,15,2.7,38.5,0,38.5,"Super Hit",6.2,124,ZEE5,2023-07-28
523,"Pathu Thala",434,"Silambarasan Rajendar",503,Kollywood,605,35,7.2,37.3,5,32.8,Flop,6.7,151,"Amazon Prime Video",2023-03-30
528,Japan,439,Karthi,503,Kollywood,693,70,6.5,26.55,5,21.3,Disaster,3.2,156,Netflix,2023-11-10
542,"The GOAT",264,"Joseph Vijay",503,Kollywood,618,320,100.75,451.23,156,295.13,Hit,5.9,183,Netflix,2024-09-05
546,Vettaiyan,450,"Amitabh Bachchan",503,Kollywood,605,200,67,253.2,82,171.2,Average,8,163,"Amazon Prime Video",2024-10-10
554,"Indian 2",132,"Kamal Haasan",503,Kollywood,627,250,56.25,148.83,53,95.83,Disaster,3.9,180,Netflix,2024-07-12
569,Ayalaan,462,Sivakarthikeyan,503,Kollywood,752,75,6.8,76.5,18,58.65,Flop,6,155,"Sun NXT",2024-01-12
570,"Captain Miller",463,Dhanush,503,Kollywood,699,60,13.8,75.08,17,58.08,Average,6.5,157,"Amazon Prime Video",2024-01-12
572,Thangalaan,147,Vikram,503,Kollywood,685,80,19.3,71.45,54,54.45,Flop,7.1,156,Netflix,2024-08-15
577,Garudan,362,Soori,503,Kollywood,637,20,6,60,50,50,"Super Hit",7.1,133,"Amazon Prime Video",2024-07-03
581,Meiyazhagan,165,Karthi,503,Kollywood,643,35,4,49.6,38,37.6,"Super Hit",8.5,177,Netflix,2024-09-27
589,Sarfira,473,"Akshay Kumar",503,Kollywood,647,85,4,33.25,29,28.75,"Super Hit",7.3,155,"Disney+ Hotstar",2024-07-12
590,"Lal Salaam",474,Rajinikanth,503,Kollywood,665,60,5.7,32.65,21,20.65,Disaster,4.6,150,Netflix,2024-02-09
26,Yevadu,125,"Ram Charan",505,Tollywood,618,40,8.6,57.5,2,55.3," Below Average",5.9,165,"Amazon Prime Video  ",2014-01-11
318,Dhamaka,178,"Ravi Teja",505,Tollywood,691,35,9.04,82.25,8,74.75," Blockbuster",6.2,144,"Netflix  ",2022-12-23
344,"HIT The 2nd Case",340,"Adivi Sesh",505,Tollywood,626,15,11.5,41.85,12,30.35," Super Hit",7.1,150,"Amazon Prime Video  ",2022-12-02
350,Yashoda,345,"amantha Ruth Prabhu",505,Tollywood,716,25,5.6,32.13,9,23.63," Below Average",6.5,135,"Amazon Prime Video  ",2022-11-11
361,"18 Pages",354,"Nikhil Siddharth",505,Tollywood,638,15,3.6,22.96,3,19.66," Average",7.1,135,"Netflix  ",2022-12-23
363,Kanam,356,Sathish,505,Tollywood,721,15,2.8,21.8,7,14.8," Average",7.8,160,"Amazon Prime Video  ",2022-09-09
352,"The Warriorr",162,"Ram Pothineni",505,Tollywood,605,35,12.5,31.5,2,30,Flop,4.8,155,"Disney+ Hotstar  ",2022-07-14
44,Rangasthalam,128,"Ram Charan",505,Tollywood,606,60,42,218.5,24,195," Blockbuster",8.2,170,"Amazon Prime Video  ",2018-03-30
320,Acharya,140,Chiranjeevi,505,Tollywood,606,140,51,73.5,11,62.25,Disaster,3.8,152,"Amazon Prime Video  ",2022-04-29
49,"Aravindha Sametha Veera Raghava",143,"N.T. Rama Rao Jr.",505,Tollywood,606,65,56,158.6,49,109.8,"Super Hit",7.3,162,"Amazon Prime Video  ",2018-10-10
197,"S/O Satyamurthy",143,"Allu Arjun",505,Tollywood,606,45,21,93,21,72,Hit,7.1,162,"Amazon Prime Video  ",2015-04-09
297,"Sarkaru Vaari Paata",149,"Mahesh Babu",505,Tollywood,606,100,68.5,188.5,27,162,"Above Average",5.6,162,"Amazon Prime Video  ",2022-05-12
56,"Naa Peru Surya, Naa Illu India",150,"Allu Arjun",505,Tollywood,606,65,40,100.3,21,79,"Above Average",6.7,163,"Amazon Prime Video  ",2018-05-04
122,Spyder,107,"Mahesh Babu",505,Tollywood,607,120,51,125,23,102,Flop,6.3,155,"Amazon Prime Video  ",2017-09-27
235,Dhruva,113,"Ram Charan",505,Tollywood,607,50,20,89.6,10,79.6,Hit,7.7,165,"Amazon Prime Video  ",2016-12-09
25,"Govindudu Andari Vaadele",124,"Ram Charan",505,Tollywood,613,30,10,61,3,57.8,"Above Average",5.7,160,"Amazon Prime Video  ",2014-10-01
240,"A Aa",143,Nithiin,505,Tollywood,608,35,12.6,80,10,70,Hit,6.8,152,"Amazon Prime Video  ",2016-06-02
282,"Rang De",169,Nithiin,505,Tollywood,608,25,6.5,27,4,23,Flop,6.3,130,"ZEE5  ",2021-03-26
255,"Pushpa The Rise - Part 1",128,"Allu Arjun",505,Tollywood,621,150,63.7,350.1,36,313.8,"Super Hit",7.6,179,"Amazon Prime Video  ",2021-12-17
234,Oopiri,125,"Nagarjuna Akkineni",505,Tollywood,620,50,10.2,97.7,11,86.9,"Super Hit",8,158,"Amazon Prime Video  ",2016-03-25
73,"Jai Simha",110,"Nandamuri Balakrishna",505,Tollywood,610,25,12.2,49.5,2,48,Hit,4.7,159,"Amazon Prime Video  ",2018-01-11
70,Devadas,163,"Nagarjuna Akkineni",505,Tollywood,610,35,12,51.6,4,48,Average,6.5,159,"Amazon Prime Video  ",2018-09-28
88,"Sailaja Reddy Alludu",180,"Naga Chaitanya Akkineni",505,Tollywood,610,25,11.4,32.4,4,28.9,Flop,5.1,147,"Amazon Prime Video  ",2018-09-15
24,Aagadu,123,"Mahesh Babu",505,Tollywood,612,65,24,62,8,54.2,Disaster,5.3,165,"Amazon Prime Video  ",2014-09-19
90,"Krishnarjuna Yudham",182,Nani,505,Tollywood,612,25,9.7,28.6,3,25.7,Flop,5.8,156,"Amazon Prime Video  ",2018-04-13
165,Hello,122,"Akhil Akkineni",505,Tollywood,616,30,4.2,36.7,6,30.3,"Below Average",7.3,131,"Amazon Prime Video  ",2017-12-21
29,"1 - Nenokkadine",128,"Mahesh Babu",505,Tollywood,618,70,23,52.5,6,47,Disaster,8,170,"Amazon Prime Video  ",2014-01-10
273,"Shyam Singha Roy",175,Nani,505,Tollywood,636,40,12,49,6,43.5,Average,7.6,155,"Netflix  ",2021-12-24
237,"Nannaku Prematho",128,"N.T. Rama Rao Jr.",505,Tollywood,627,50,24,88.4,14,74.7,Hit,7.5,168,"Amazon Prime Video  ",2016-01-13
46,"Bharat Ane Nenu",140,"Mahesh Babu",505,Tollywood,627,70,58,190.5,91,100,"Super Hit",7.5,173,"Amazon Prime Video  ",2018-04-19
86,"Hello Guru Prema Kosame",178,"Ram Pothineni",505,Tollywood,630,15,4.2,35,2,33,"Above Average",7,140,"Amazon Prime Video  ",2018-10-18
77,"Tholi Prema",169,"Varun Tej",505,Tollywood,638,15,9.5,44.1,4,40,Hit,7.2,137,"Amazon Prime Video  ",2018-02-02
93,"Srinivasa Kalyanam",185,Nithiin,505,Tollywood,643,20,5.5,25.5,2,23.9,Flop,6.1,140,"Amazon Prime Video  ",2018-08-10
95,U-Turn,187,"Samantha Ruth Prabhu",505,Tollywood,644,15,2,25,2,22.8,Hit,6.9,128,"Amazon Prime Video  ",2018-09-13
377,Bheeshma,189,Nithiin,505,Tollywood,615,25,13,52,10,42,"Super Hit",6.6,150,"Netflix  ",2020-02-21
98,Nota,190,"Vijay Deverakonda",505,Tollywood,647,25,7.3,23.5,3,20.9,Disaster,6.2,145,"Amazon Prime Video  ",2018-10-05
330,Major,191,"Adivi Sesh",505,Tollywood,710,25,13.15,58.2,13,45.2," Super Hit",8.1,150,"Amazon Prime Video  ",2022-06-03
101,Saakshyam,192,"Sai Srinivas Bellamkonda",505,Tollywood,621,30,6.2,22.7,1,22,Disaster,4.6,166,"Amazon Prime Video  ",2018-07-27
102,"Nela Ticket",193,"Ravi Teja",505,Tollywood,649,25,6.7,20.1,1,19.6,Disaster,4.3,120,"Amazon Prime Video  ",2018-05-25
152,"Rarandoi Veduka Chudham",193,Avantika,505,Tollywood,616,25,6.9,50,4,46.4,"Above Average",5.6,145,"Amazon Prime Video  ",2017-05-26
239,"Soggade Chinni Nayana",193,"Nagarjuna Akkineni",505,Tollywood,620,30,6.5,82.3,6,76.6,"Super Hit",6.3,145,"Amazon Prime Video  ",2016-01-14
325,Bangarraju,193,"Nagarjuna Akkineni",505,Tollywood,647,30,13.3,61.8,4,58.3,Hit,5.6,150,"ZEE5  ",2022-01-14
103,"Touch Chesi Chudu",194,"Ravi Teja",505,Tollywood,632,25,8.7,20,2,18.5," Disaster",4.7,147,"Amazon Prime Video  ",2018-02-02
104,"Bãhubali 2 The Conclusion",195,Prabhas,505,Tollywood,606,250,217,1788,371,1417,"All Time Blockbuster",8.2,167,"Netflix  ",2017-04-28
182,"Bãhubali The Beginning",195,Prabhas,505,Tollywood,606,180,73,650,134,516,"All Time Blockbuster",8,159,"Netflix  ",2015-07-10
120,"Jai Lava Kusa",208,"N.T. Rama Rao Jr.",505,Tollywood,627,60,46,130,10,119.8,"Above Average",6.8,150,"Amazon Prime Video  ",2020-03-03
238,"Sardaar Gabbar Singh",208,"Pawan Kalyan",505,Tollywood,632,75,40,85.5,7,78.4,Flop,4.6,164,"Amazon Prime Video  ",2016-04-08
124,"Duvvada Jagannadham",210,"Allu Arjun",505,Tollywood,632,50,33,117.1,12,104.8,"Above Average",5.9,152,"Amazon Prime Video  ",2017-06-22
128,Katamarayudu,214,"Pawan Kalyan",505,Tollywood,612,70,35,97.8,8,90.3,"Below Average",5.5,146,"Amazon Prime Video  ",2017-03-24
269,"Love Story",216,"Naga Chaitanya Akkineni",505,Tollywood,638,30,16,59,13,45.6,Hit,6.8,155,"Amazon Prime Video  ",2021-09-24
307,Godfather,218,Chiranjeevi,505,Tollywood,621,100,28.85,107,20,87," Flop",5.2,157,"Netflix  ",2022-10-05
134,"Gautamiputra Satakarni",219,"Nandamuri Balakrishna",505,Tollywood,657,45,21,78.6,11,67.5,Hit,6.3,131,"Amazon Prime Video  ",2017-01-20
137,"MCA Middle Class Abbayi",221,Nani,505,Tollywood,612,25,15.5,70,7,63,"Super Hit",6,144,"Amazon Prime Video  ",2017-12-21
260,"Vakeel Saab",221,"Pawan Kalyan",505,Tollywood,621,75,51.5,137.5,10,127.3,Hit,6.9,153,"Amazon Prime Video  ",2021-04-09
140,"The Ghazi Attack",224,"Rana Daggubati",505,Tollywood,659,20,5.9,62,5,57,"Super Hit",7.5,116,"Amazon Prime Video  ",2017-02-17
149,"Raja the Great",230,"Ravi Teja",505,Tollywood,612,30,7.2,51.7,2,49.3,Hit,6.3,149,"Amazon Prime Video  ",2017-10-13
314,"F3 Fun and Frustration",230,"Venkatesh Daggubati",505,Tollywood,668,60,22.2,90,15,75.1,"Below Average",4.7,148,"Amazon Prime Video  ",2022-05-27
160,"Nene Raju Nene Mantri",238,"Rana Daggubati",505,Tollywood,663,20,8.1,44.8,5,40,"Super Hit",5.8,153,"Amazon Prime Video  ",2017-08-11
164,Guru,240,"Venkatesh Daggubati",505,Tollywood,665,15,4.1,38.1,1,36.9,"Super Hit",7.6,116,"Amazon Prime Video  ",2017-03-31
166,"Jaya Janaki Nayaka",241,"Sai Srinivas Bellamkonda",505,Tollywood,616,35,6.4,36.2,1,35.4,Flop,5.1,149,"Amazon Prime Video  ",2017-08-11
227,Sarrainodu,241,"Allu Arjun",505,Tollywood,606,50,23,134,10,124,"Super Hit",6.6,159,"Amazon Prime Video  ",2016-04-22
261,Akhanda,241,"Nandamuri Balakrishna",505,Tollywood,606,50,29.6,117,14,103.3,Hit,6.8,167,"Disney+ Hotstar  ",2021-12-02
167,"Paisa Vasool",242,"Nandamuri Balakrishna",505,Tollywood,612,30,14.1,36,2,34.5,Flop,4.3,138,"Amazon Prime Video  ",2017-09-01
201,Temper,242,"N.T. Rama Rao Jr.",505,Tollywood,605,40,20,74,14,60,"Super Hit",7.4,147,"Amazon Prime Video  ",2015-02-13
331,Liger,242,"Vijay Deverakonda",505,Tollywood,680,100,24.2,56.18,8,48.58,Disaster,2.6,140,"Disney+ Hotstar  ",2022-08-25
168,"Raju Gari Gadhi 2",243,"Samantha Ruth Prabhu",505,Tollywood,641,25,8.4,35.6,2,33.4,Average,5.3,117,"Amazon Prime Video  ",2017-10-12
171,"Vunnadhi Okate Zindagi",246,"Ram Pothineni",505,Tollywood,647,15,7.6,30.8,2,28.5,"Above Average",6.4,152,"Amazon Prime Video  ",2017-09-29
179,Winner,253,"Sai Dharam Tej",505,Tollywood,606,25,9,25,1,24.3,Disaster,4.6,155,"Amazon Prime Video  ",2017-02-24
180,"Goutham Nanda",254,Gopichand,505,Tollywood,627,20,6.1,20.4,0,20,Flop,6.3,155,"Amazon Prime Video  ",2017-07-28
198,Rudhramadevi,261,"Anushka Shetty",505,Tollywood,674,80,11,91,5,86,"Below Average",5.6,157,"Amazon Prime Video  ",2015-10-18
210,"Kick 2",268,"Ravi Teja",505,Tollywood,615,30,10,36.6,2,34.5,Flop,5,170,"Amazon Prime Video  ",2015-08-21
244,Brahmotsavam,288,"Mahesh Babu",505,Tollywood,636,75,25,58.3,8,50.5,Disaster,4,156,"Amazon Prime Video  ",2016-05-20
279,"Most Eligible Bachelor",307,"Akhil Akkineni",505,Tollywood,636,30,8.1,38,4,33.7,"Below Average",6.2,170,"Netflix  ",2021-10-15
299,"Bheemla Nayak",315,"Pawan Kalyan",505,Tollywood,627,90,57.1,158.5,28,130.5,Hit,6.3,130,"Disney+ Hotstar  ",2022-02-25
300,"Radhe Shyam",316,Prabhas,505,Tollywood,636,300,66.3,149.5,26,123.2,Disaster,5.2,138,"Netflix  ",2022-03-11
323,Bimbisara,329,"Nandamuri Kalyan Ram",505,Tollywood,708,40,12,64.6,7,58.1,Hit,6.8,146,"ZEE5  ",2022-08-05
348,"Ante Sundharaniki",343,Nani,505,Tollywood,630,30,10.3,36.5,11,25.5," Flop",7.6,173,"Netflix  ",2022-06-10
359,Khiladi,352,"Ravi Teja",505,Tollywood,607,40,8.2,23.5,2,21.7,Disaster,5.2,154,"Amazon Prime Video  ",2022-02-11
388,"Entha Manchivaadavuraa",185,"Nandamuri Kalyan Ram",505,Tollywood,606,15,4.2,25,3,22.1,Hit,5.2,152,"Amazon Prime Video  ",2020-01-15
389,"World Famous Lover",369,"Vijay Deverakonda",505,Tollywood,608,35,7.6,20,3,16.9,Disaster,5,154,"Netflix  ",2020-02-13
398,"Sye Raa Narasimha Reddy",113,Chiranjeevi,505,Tollywood,685,25,85,246.6,30,216.6,Average,7.2,167,"Amazon Prime Video  ",2019-09-27
406,Maharshi,125,"Mahesh Babu",505,Tollywood,606,90,48,176,22,154,Hit,7.2,176,"Amazon Prime Video  ",2019-05-10
417,"Vinaya Vidheya Rama",241,"Ram Charan",505,Tollywood,606,75,42,97.9,4,94,Flop,3.3,146,"Amazon Prime Video  ",2019-01-11
427,Majili,229,"Naga Chaitanya Akkineni",505,Tollywood,636,20,10,60,10,50,"Super Hit",7.3,154,"Amazon Prime Video  ",2019-04-05
432,Jersey,348,Nani,505,Tollywood,718,20,8.2,51.7,12,39.7,"Super Hit",8.5,157,"Netflix  ",2019-04-18
434,"Venky Mama",208,"Venkatesh Daggubati",505,Tollywood,610,35,12.2,47.6,5,42.3,Average,5.4,149,"Amazon Prime Video  ",2019-12-12
437,"Gang Leader",122,Nani,505,Tollywood,691,25,11.2,39.4,5,34,Average,7.6,155,"Amazon Prime Video  ",2019-09-12
438,"Gaddalakonda Ganesh",210,"Varun Tej",505,Tollywood,603,30,7.2,38,5,33,Average,6.3,130,"Disney+ Hotstar",2019-09-20
440,"Dear Comrade",389,"Vijay Deverakonda",505,Tollywood,680,35,14,37,6,31,Flop,7.3,169,"Amazon Prime Video",2019-07-26
445,"NTR Kathanayakudu",219,"Nandamuri Balakrishna",505,Tollywood,633,50,12.6,31.5,7,24.5,Disaster,5.8,169,"Amazon Prime Video",2019-01-08
451,Chitralahari,246,"Sai Dharam Tej",505,Tollywood,608,15,6.6,27.1,2,25.1,Hit,7.1,131,"Amazon Prime Video",2019-04-12
454,Rakshasudu,352,"Sai Srinivas Bellamkonda",505,Tollywood,607,10,3.9,24.2,3,21.2,Hit,7.9,122,ZEE5,2019-08-02
460,"Mr. Majnu",169,"Akhil Akkineni",505,Tollywood,638,30,7.5,21,2,19.4,Disaster,6.1,145,ZEE5,2019-01-24
462,118,405,"Nandamuri Kalyan Ram",505,Tollywood,714,12,2.8,20.8,0,20.8,Average,6.4,120,"Disney+ Hotstar",2019-03-01
488,Dasara,411,Nani,505,Tollywood,698,65,37,118.5,22,96.5,"Super Hit",6.6,156,Netflix,2023-03-30
492,"Bhagavanth Kesari",230,"Nandamuri Balakrishna",505,Tollywood,627,90,25.5,114.5,15,99.7,"Below Average",5.9,164,"Amazon Prime Video",2023-10-18
493,Bro,413,"Sai Dharam Tej",505,Tollywood,737,100,43.7,114,17,97.2,Flop,6.1,134,Netflix,2023-07-27
503,Kushi,229,"Vijay Deverakonda",505,Tollywood,608,50,25.85,76,19,57,Average,5.4,163,Netflix,2023-08-31
510,"Skanda The Attacker",241,"Ram Pothineni",505,Tollywood,619,65,15.6,53,4,48.75,Disaster,4.2,167,"Disney+ Hotstar",2023-09-28
512,"Tiger Nageswara Rao",425,"Ravi Teja",505,Tollywood,621,50,8.5,50,5,45,Flop,6,172,"Amazon Prime Video",2023-10-21
518,"Bholaa Shankar",429,Chiranjeevi,505,Tollywood,621,100,23.15,42.25,6,36,Disaster,3.3,159,Netflix,2023-08-11
534,"Das Ka Dhamki",444,"Vishwak Sen",505,Tollywood,732,15,8.5,22.8,3,20.1,Hit,6.1,140,"Amazon Prime Video",2023-03-22
543,"Devara Part 1",140,"N.T. Rama Rao Jr.",505,Tollywood,627,250,142,421.6,79,342.75,Hit,6.4,176,"Amazon Prime Video",2024-09-26
549,"Guntur Kaaram",143,"Mahesh Babu",505,Tollywood,606,150,68.7,180.5,31,149.5,"Below Average",5.4,159,"Amazon Prime Video",2024-01-12
564,"Saripodhaa Sanivaaram",343,Nani,505,Tollywood,618,60,19.65,100.03,26,74.03,"Super Hitt",7,166,"Amazon Prime Video",2024-08-28
587,"Naa Saami Ranga",471,"Nagarjuna Akkineni",505,Tollywood,698,30,6.5,37.31,36,35.81,Flop,4.5,150,"Amazon Prime Video",2024-01-14
327,Cirkus,105,"Ranveer Singh",501,Bollywood,620,70,9.38,60.6,15,45.6," Disaster",4.4,139,Netflix,2022-12-23
1,PK,101,"Aamir Khan",501,Bollywood,601,85,26.6,792,303,489,"All Time Blockbuster",8.1,153,Netflix,2014-12-19
2,"Happy New Year",102,"Shah Rukh Khan",501,Bollywood,602,150,61.9,397,102,295,Hit,5,180,Netflix,2014-10-24
3,Kick,103,"Salman Khan",501,Bollywood,603,100,26.4,378,68,310,"Super Hit",6,146,Netflix,2014-07-25
4,"Bang Bang",104,"Hrithik Roshan",501,Bollywood,604,160,27.5,340,70,270,"Super Hit",5.6,153,"Disney+ Hotstar",2014-10-02
5,"Singham Returns",105,"Ajay Devgn",501,Bollywood,605,80,32.1,216.5,17,200,"Super Hit",5.7,142,Netflix,2014-08-15
6,"Jai Ho",106,"Salman Khan",501,Bollywood,606,65,17.8,186.3,36,150,"Above Average",5,135,"Disney+ Hotstar",2014-01-24
7,Holiday,107,"Akshay Kumar",501,Bollywood,607,50,12.1,178.3,25,153.4,Hit,7.2,160,Netflix,2014-06-06
18,"Action Jackson",117,"Ajay Devgn",501,Bollywood,607,80,10.3,88.7,11,78,Flop,3.4,144,"Disney+ Hotstar",2014-12-05
38,"Race 3",135,"Anil Kapoor",501,Bollywood,607,150,44,300,83,217,Flop,1.9,160,"Amazon Prime Video",2018-06-15
184,Dilwale,105,"Shah Rukh Khan",501,Bollywood,613,165,21,388,176,212,Hit,5.1,158,Netflix,2015-12-18
8,"2 States",108,"Arjun Kapoor",501,Bollywood,608,50,12.4,173,31,142.2,"Super Hit",6.9,149,Netflix,2014-04-18
12,"Humpty Sharma Ki Dulhania",112,"Varun Dhawan",501,Bollywood,608,35,9.1,119.6,13,106.7,Hit,6,133,Netflix,2014-07-11
115,"Badrinath Ki Dulhania",112,"Varun Dhawan",501,Bollywood,608,40,12.2,201,39,162,"Super Hit",6.1,139,"Amazon Prime Video",2017-03-10
48,Zero,142,"Shah Rukh Khan",501,Bollywood,608,200,23,178,57,120.8,Disaster,5.2,164,Netflix,2018-12-21
256,Sooryavanshi,105,"Akshay Kumar",501,Bollywood,621,180,39.5,293,62,230.8,Hit,5.9,145,Netflix,2021-11-05
52,Raid,146,"Ajay Devgn",501,Bollywood,621,35,12,154.1,22,132.1,Hit,7.4,122,"Disney+ Hotstar",2018-03-16
374,"Malang - Unleash the Madness",109,"Aditya Roy Kapoor",501,Bollywood,609,50,9.8,80,10,70,Average,6.5,135,Netflix,2020-02-07
42,Hichki,137,"Rani Mukerji",501,Bollywood,620,30,5,236.4,177,59,"Super Hit",7.5,116,"Amazon Prime Video",2018-03-23
11,Gunday,111,"Ranveer Singh",501,Bollywood,611,55,16.1,130.8,25,106.1,"Below Average",2.7,152,"Amazon Prime Video",2014-02-14
21,"Main Tera Hero",120,"Varun Dhawan",501,Bollywood,615,40,6.6,77.2,9,68.7,"Above Average",5.1,128,"Disney+ Hotstar",2014-04-04
112,"Judwaa 2",120,"Varun Dhawan",501,Bollywood,615,65,16,227.5,35,192.5,"Super Hit",3.6,145,Netflix,2017-09-29
22,Heropanti,121,"Tiger Shroff",501,Bollywood,616,25,6.5,75.8,5,71.1,"Super Hit",5.2,146,"Amazon Prime Video",2014-05-23
129,"Half Girlfriend",109,"Shraddha Kapoor",501,Bollywood,636,50,10.3,97.6,16,81.3,Average,4.6,135,"Amazon Prime Video",2017-05-19
328,"Ek Villain Returns",109,"John Abraham",501,Bollywood,709,75,10.35,60,9,51,Disaster,4.4,129,Netflix,2022-07-29
37,"Thugs of Hindostan",134,"Lloyd Owen",501,Bollywood,625,275,76,327,134,194,Flop,4.1,164,"Amazon Prime Video",2018-11-07
45,Raazi,139,"Alia Bhatt",501,Bollywood,627,30,7.5,195,37,157,"Super Hit",7.7,138,"Amazon Prime Video",2018-05-11
50,Gold,144,"Krishan Tandon",501,Bollywood,629,80,38,158,17,141,Average,7.3,151,"Amazon Prime Video",2018-08-15
54,"Veere Di Wedding",148,"Kareena Kapoor",501,Bollywood,631,30,10.7,140,35,105," Average",3.3,135,"Amazon Prime Video",2018-06-01
376,Chhapaak,139,"Deepika Padukone",501,Bollywood,633,50,4.7,55.5,15,40.5,Flop,5.4,120,"Disney+ Hotstar",2020-01-10
310,Bhediya,141,"Varun Dhawan",501,Bollywood,641,60,12.06,94.91,14,81.41,Average,6.7,156,JioCinema,2022-11-25
155,"Munna Michael",121,"Tiger Shroff",501,Bollywood,662,45,6.7,48.2,3,45.6,Flop,3.4,140,"Amazon Prime Video",2017-07-21
371,"Baaghi 3",136,"Tiger Shroff",501,Bollywood,651,100,26.5,137,23,114,Flop,2.2,143,"Disney+ Hotstar",2020-03-06
185,"Bajirao Mastani",133,"Ranveer Singh",501,Bollywood,670,140,12.8,362,99,263,Hit,7.3,158,"Amazon Prime Video",2015-12-18
296,"Gangubai Kathiawadi",133,"Alia Bhatt",501,Bollywood,701,180,16,211.5,56,155.5,Average,7.8,152,Netflix,2022-02-25
189,"Any Body Can Dance 2",135,"Prabhu Deva",501,Bollywood,672,60,15,165.9,19,146.6,Hit,5.4,154,"Disney+ Hotstar",2015-06-19
245,"A Flying Jatt",135,"Tiger Shroff",501,Bollywood,688,45,7.1,56.2,4,52.1,Flop,3.1,151,"Amazon Prime Video",2016-08-25
358,"Heropanti 2",136,"Kriti Sanon",501,Bollywood,719,80,9,28,3,25.3,Disaster,2.3,145,"Amazon Prime Video",2022-04-29
322,"Raksha Bandhan",142,"Akshay Kumar",501,Bollywood,707,70,12.7,68.38,11,57.38,Disaster,5.4,108,ZEE5,2022-08-11
303,"Laal Singh Chaddha",196,"Sharik Khan Jr.",501,Bollywood,608,180,23.85,133.5,61,72.5,Disaster,5.6,159,Netflix,2022-08-11
109,"Toilet - Ek Prem Katha",199,"Akshay Kumar",501,Bollywood,608,75,15,316.9,131,186.4,"Super Hit",7.2,155,"Amazon Prime Video",2017-08-11
110,Raees,200,"Shah Rukh Khan",501,Bollywood,605,100,20.4,286.5,96,191,"Above Average",6.6,143,Netflix,2017-01-25
113,Kaabil,202,"Hrithik Roshan",501,Bollywood,609,90,10.4,212.8,67,145.8,"Above Average",7.1,139,"Amazon Prime Video",2017-01-25
114,Tubelight,203,"Salman Khan",501,Bollywood,653,100,21.2,211.2,46,165.6,Flop,3.9,136,"Amazon Prime Video",2017-06-23
181,"Bajrangi Bhaijaan",203,"Salman Khan",501,Bollywood,669,90,27.2,922.1,490,432.4,"All Time Blockbuster",8.1,163,"Disney+ Hotstar",2015-07-17
116,"Jolly LLB 2",204,"Akshay Kumar",501,Bollywood,642,85,13.2,197.3,35,162.5,Hit,7.2,137,"Disney+ Hotstar",2017-02-10
117,Mom,205,Sridevi,501,Bollywood,654,35,3,178.5,127,51.8,Hit,7.2,146,Netflix,2017-07-07
119,"Jab Harry Met Sejal",207,"Shah Rukh Khan",501,Bollywood,608,90,15.2,153.4,64,89.3,"Below Average",5.1,143,"Amazon Prime Video",2017-08-04
123,Baadshaho,209,"Ajay Devgn",501,Bollywood,651,85,12.6,123.4,15,108.4,"Below Average",4.9,124,Netflix,2017-09-01
130,Mubarakan,215,"Anil Kapoor",501,Bollywood,630,60,5.1,93.1,16,76.8,Average,5.6,156,Netflix,2017-07-28
188,"Welcome Back",215,"John Abraham",501,Bollywood,649,75,14.4,168.6,38,130.3,Average,4.3,152,"Amazon Prime Video",2015-09-04
294,"Bhool Bhulaiyaa 2",215,Tabu,501,Bollywood,628,80,20.6,265.5,49,216.5," Blockbuster",5.7,143,Netflix,2022-05-20
132,"Jagga Jasoos",217,"Ranbir Kapoor",501,Bollywood,656,120,8.5,83.3,8,75.2,Disaster,6.4,161,"Disney+ Hotstar",2017-07-14
136,Sachin,220,"Sachin Tendulkar",501,Bollywood,658,35,8.6,70.8,6,65.1,Hit,8.5,138,"Amazon Prime Video",2017-05-26
138,"Shubh Mangal Saavdhan",222,"Ayushmann Khurrana",501,Bollywood,630,20,2.7,64,5,59.4,Hit,6.9,119,"Amazon Prime Video",2017-09-01
143,"Bareilly Ki Barfi",226,"Ayushmann Khurrana",501,Bollywood,630,20,3.1,58.5,11,47.8,Hit,7.5,116,Netflix,2017-08-18
384,Panga,226,"Kangana Ranaut",501,Bollywood,718,40,2.7,41.7,7,34.5,Flop,6.8,131,"Disney+ Hotstar",2020-01-24
144,"Naam Shabana",227,"Akshay Kumar",501,Bollywood,627,25,5.1,57.6,7,51.1,"Below Average",6.2,147,"Amazon Prime Video",2020-01-01
145,"Tumhari Sulu",228,"Vidya Balan",501,Bollywood,620,20,2.8,56.4,10,46.3,Hit,7,150,"Amazon Prime Video",2017-11-24
153,Phillauri,233,"Anushka Sharma",501,Bollywood,660,25,4.1,49.7,12,37.6,Average,6.1,138,"Amazon Prime Video",2017-03-24
183,"Prem Ratan Dhan Payo",255,"Salman Khan",501,Bollywood,611,180,66.2,405.8,96,310,"Above Average",4.4,164,"Disney+ Hotstar",2015-11-13
339,Uunchai,255,"Amitabh Bachchan",501,Bollywood,713,40,3.15,48.32,10,38.82,Average,7,173,ZEE5,2022-11-11
191,"Dil Dhadakne Do",256,"Anil Kapoor",501,Bollywood,608,80,10.5,150,43,106.7,"Below Average",7,170,Netflix,2015-06-05
192,Baby,257,"Akshay Kumar",501,Bollywood,607,65,10,142.9,14,129,Hit,7.9,159,Aha,2015-01-23
193,Piku,258,"Deepika Padukone",501,Bollywood,620,40,6,141.2,34,107.2,Hit,7.6,123,SonyLIV,2015-05-08
213,Dangal,271,"Aamir Khan",501,Bollywood,679,70,58,2122.3,1535,587,"All Time Blockbuster",8.3,161,"Disney+ Hotstar",2016-12-22
216,"Ae Dil Hai Mushkil",272,"Ranbir Kapoor",501,Bollywood,681,70,13.2,240.7,82,158.4,Hit,5.8,158,"Amazon Prime Video",2016-10-28
217,Airlift,273,"Akshay Kumar",501,Bollywood,634,35,12.5,228,45,183,"Super Hit",7.9,130,JioCinema,2016-01-22
218,Rustom,274,"Akshay Kumar",501,Bollywood,654,50,14.1,216,39,177,"Super Hit",7,148,ZEE5,2016-08-12
220,"Housefull 3",276,"Akshay Kumar",501,Bollywood,615,85,15.2,185.7,32,154.2,Hit,4.9,140,"Disney+ Hotstar",2016-06-03
221,Fan,277,"Shah Rukh Khan",501,Bollywood,627,110,19.1,182.2,69,113.2,Average,6.9,138,"Amazon Prime Video",2016-04-15
224,Shivaay,279,"Ajay Devgn",501,Bollywood,683,100,10.2,147.2,9,138.5,"Below Average",6.1,153,"Amazon Prime Video",2016-10-28
336,"Runway 34",279,"Ajay Devgn",501,Bollywood,664,80,5,50.7,9,41.7,Disaster,7,145,"Amazon Prime Video",2022-04-29
226,"Dear Zindagi",280,"Alia Bhatt",501,Bollywood,636,50,8.8,136.1,44,92.4,Hit,7.4,151,Netflix,2016-11-25
229,Dishoom,281,"John Abraham",501,Bollywood,684,50,11,119.5,25,94.5,Average,5.2,124,"Disney+ Hotstar",2016-07-29
230,"Mohenjo Daro",282,"Hrithik Roshan",501,Bollywood,685,115,8.9,107.8,29,78.6,Disaster,5.6,155,Netflix,2016-08-12
231,Pink,283,"Amitabh Bachchan",501,Bollywood,654,30,4.3,104.2,16,88.3,"Super Hit",8,136,"Disney+ Hotstar",2016-09-16
233,Befikre,284,"Vaani Kapoor",501,Bollywood,608,65,10.4,99.4,16,83.7,"Below Average",4.1,130,"Amazon Prime Video",2016-12-09
243,"Force 2",287,"John Abraham",501,Bollywood,651,40,6.1,58.7,11,48.2,Flop,6.2,127,"Disney+ Hotstar",2016-11-18
246,"Kahaani 2",289,"Vidya Balan",501,Bollywood,689,20,4.3,55.9,11,44.6,Average,6.5,127,ZEE5,2016-12-02
248,Azhar,291,"Emraan Hashmi",501,Bollywood,682,35,6.4,50.1,5,44.7,Flop,5.7,130,"Amazon Prime Video",2016-05-13
249,"Happy Bhag Jayegi",292,"Diana Penty",501,Bollywood,630,20,2.3,46.5,7,40,Hit,6.4,126,ZEE5,2018-08-24
258,83,297,"Ranveer Singh",501,Bollywood,692,200,27.6,193,64,129,Flop,7.5,162,"Disney+ Hotstar",2021-12-23
270,"Antim The Final Truth",302,"Salman Khan",501,Bollywood,605,50,8.9,58.5,12,46.8,"Below Average",6.2,138,ZEE5,2021-11-25
272,Bellbottom,304,"Akshay Kumar",501,Bollywood,618,160,2.75,53.7,14,39.4,Disaster,6.1,123,"Amazon Prime Video",2021-08-19
289,"Brahmastra Part One Shiva",311,"Amitabh Bachchan",501,Bollywood,673,400,70,431,116,315.5,"Below Average",5.6,167,"Disney+ Hotstar",2022-09-09
301,"Jug Jugg Jeeyo",317,"Varun Dhawan",501,Bollywood,702,100,11.8,139.5,38,101.2,Average,6.1,148,"Amazon Prime Video",2022-06-24
302,"Vikram Vedha",318,"Saif Ali Khan",501,Bollywood,621,150,20.67,135.44,42,93.1,Flop,7.1,160,ZEE5,2022-09-29
313,"Samrat Prithviraj",326,"Akshay Kumar",501,Bollywood,696,220,17.5,90.55,10,80.55,Disaster,5.6,135,"Amazon Prime Video",2022-06-03
319,"Bachchhan Paandey",328,"Akshay Kumar",501,Bollywood,649,165,13.25,74.2,14,60.2,Disaster,5,147,"Amazon Prime Video",2022-03-18
326,Shamshera,331,"Ranbir Kapoor",501,Bollywood,698,150,15.15,60.75,13,47.75,Disaster,4.7,178,"Amazon Prime Video",2022-07-22
337,"Thank God",334,"Sidharth Malhotra",501,Bollywood,712,70,12.55,48.99,7,42.49,Disaster,5.6,121,"Amazon Prime Video",2022-10-25
342,"Doctor G",338,"Ayushmann Khurrana",501,Bollywood,620,25,5.07,44.1,11,33.1,Average,6.6,124,Netflix,2022-10-14
354,Jersey,348,"Shahid Kapoor",501,Bollywood,718,60,4.7,30.75,6,25,Disaster,7.3,170,Netflix,2022-04-22
357,"Badhaai Do",351,"Rajkummar Rao",501,Bollywood,720,25,1.95,28.15,3,25.15,Flop,7,147,Netflix,2022-02-11
360,Jhund,353,"Amitabh Bachchan",501,Bollywood,682,20,2.75,23,6,17.3,Flop,7.4,176,ZEE5,2022-03-04
362,Attack,355,"Jacqueline Fernandez",501,Bollywood,622,55,5.15,22,3,18.8,Disaster,6.8,121,ZEE5,2022-04-01
366,Chup,358,"Dulquer Salmaan",501,Bollywood,722,20,4,20,6,14,Flop,7.5,135,ZEE5,2022-09-23
373,"Shubh Mangal Zyada Saavdhan",360,"Ayushmann Khurrana",501,Bollywood,724,50,14.2,83,10,73,Average,5.8,117,"Amazon Prime Video",2020-02-21
379,Thappad,361,"Taapsee Pannu",501,Bollywood,647,22,3.1,44.5,8,36.4,Hit,7,142,"Amazon Prime Video",2020-02-28
383,"Jawaani Jaaneman",365,"Saif Ali Khan",501,Bollywood,620,40,3.2,42,10,32.5,Flop,6.5,119,"Amazon Prime Video",2020-01-31
385,"Bhoot Part One - The Haunted Ship",366,"Vicky Kaushal",501,Bollywood,661,30,5.1,39.3,3,36.5,"Below Average",5.4,114,"Amazon Prime Video",2020-02-21
394,Bharat,111,"Salman Khan",501,Bollywood,610,60,65,321,70,251,Hit,4.7,150,"Amazon Prime Video",2019-06-05
396,"Housefull 4",328,"Akshay Kumar",501,Bollywood,725,25,30.5,296,49,247,Hit,3.6,145,"Disney+ Hotstar",2019-10-25
399,"Gully Boy",256,"Ranveer Singh",501,Bollywood,727,75,20,235.7,71,164.7,"Super Hit",7.9,154,"Amazon Prime Video",2019-02-15
401,"Total Dhamaal",334,"Ajay Devgn",501,Bollywood,684,5,17,232.1,49,183.6,Hit,4.2,130,"Disney+ Hotstar",2019-02-22
402,"Dabangg 3",117,"Salman Khan",501,Bollywood,649,25,39,218,40,178,"Below Average",3,160,"Disney+ Hotstar",2019-12-20
403,"Super 30",374,"Hrithik Roshan",501,Bollywood,633,90,20,210,39,171,Hit,7.9,154,"Disney+ Hotstar",2019-07-12
404,Kesari,375,"Akshay Kumar",501,Bollywood,728,0,27,208.8,25,183.8,Hit,7.4,150,"Amazon Prime Video",2019-03-21
407,Kalank,108,"Kriti Sanon",501,Bollywood,636,50,30,146.8,47,99.8,Disaster,3.6,166,"Amazon Prime Video",2019-04-19
408,"Manikarnika The Queen of Jhansi",376,"Kangana Ranaut",501,Bollywood,723,0,8.5,142,25,116.6,"Below Average",6.4,148,ZEE5,2019-01-25
410,"De De Pyaar De",377,"Ajay Devgn",501,Bollywood,608,75,17.5,139,16,123,Hit,6.5,135,"Amazon Prime Video",2019-05-17
418,"Student of the Year 2",380,"Tiger Shroff",501,Bollywood,729,75,14,95.5,11,84.5,Flop,2.2,146,"Amazon Prime Video",2019-05-10
463,Jawan,201,"Shah Rukh Khan",501,Bollywood,621,300,129.1,1160,400,760,"All Time Blockbuster",6.9,169,Netflix,2023-09-07
464,Pathaan,104,"Shah Rukh Khan",501,Bollywood,651,250,104.8,1055,398,657.5,"All Time Blockbuster",5.8,146,"Amazon Prime Video",2023-01-25
470,"Tiger 3",277,"Salman Khan",501,Bollywood,651,250,94,464,125,339.5,Hit,5.7,155,"Amazon Prime Video",2023-11-12
471,Dunki,101,"Taapsee Pannu",501,Bollywood,734,120,58,454,182,272,Hit,6.5,160,Netflix,2023-12-21
473,"Rocky Aur Rani Kii Prem Kahaani",272,"Ranveer Singh",501,Bollywood,702,150,23.1,357.5,175,182.5,Hit,6.5,168,"Amazon Prime Video",2023-07-28
477,"Tu Jhoothi Main Makkaar",145,"Ranbir Kapoor",501,Bollywood,630,75,22.1,223,48,175,Hit,6,150,Netflix,2023-05-03
478,"OMG 2",408,"Pankaj Tripathi",501,Bollywood,620,70,12.1,221.75,43,178.75,"Super Hit",7.5,156,Netflix,2023-08-11
483,"Dream Girl 2",410,"Ayushmann Khurrana",501,Bollywood,608,75,12.6,142.2,16,126,Hit,5.2,134,Netflix,2023-08-25
484,"Sam Bahadur",139,"Vicky Kaushal",501,Bollywood,736,60,8.4,130.3,19,111.8,Hit,7.7,150,ZEE5,2023-12-01
486,"Fukrey 3",211,"Pulkit Samrat",501,Bollywood,733,40,12.4,127.75,15,113.25,Hit,5.5,147,"Amazon Prime Video",2023-09-29
489,"Satyaprem Ki Katha",412,"Kartik Aaryan",501,Bollywood,704,60,9.9,118.5,26,92.5,Hit,6.7,146,"Amazon Prime Video",2023-06-30
491,"Zara Hatke Zara Bachke",379,"Vicky Kaushal",501,Bollywood,702,35,6.5,116,11,104.7,"Super Hit",6,132,JioCinema,2023-06-02
514,Shehzada,281,"Kartik Aaryan",501,Bollywood,610,70,8,47.8,10,37.8,Disaster,4.5,142,Netflix,2023-02-17
531,Selfiee,317,"Akshay Kumar",501,Bollywood,732,100,4.3,24.6,5,20.1,Disaster,5.7,148,"Disney+ Hotstar",2023-02-24
544,Fighter,104,"Hrithik Roshan",501,Bollywood,606,250,35.05,358.83,255,254.83,Hit,6.2,166,Netflix,2024-01-25
548,Shaitaan,374,"Ajay Devgn",501,Bollywood,748,80,21.5,213.55,38,176.05,"Super Hitt",6.5,132,Netflix,2024-03-08
553,Crew,454,Tabu,501,Bollywood,620,60,19.5,151.35,55,96.35,"Super Hitt",5.9,118,Netflix,2024-03-29
555,"Teri Baaton Mein Aisa Uljha Jiya",455,"Shahid Kapoor",501,Bollywood,749,70,13.5,139,38,101.25,Hit,6.2,141,"Amazon Prime Video",2024-02-09
559,"Bad Newz",458,"Vicky Kaushal",501,Bollywood,630,80,14,113.75,37,76.75,Average,4.9,142,"Amazon Prime Video",2024-07-19
560,"Bade Miyan Chote Miyan",111,"Akshay Kumar",501,Bollywood,639,250,31.5,111.49,33,78.49,Disaster,3.9,163,Netflix,2024-04-10
561,"Article 370",459,"Yami Gautam",501,Bollywood,627,35,8.6,105.01,13,92.51,"Super Hitt",7.8,158,Netflix,2024-02-23
567,"Chandu Champion",203,"Kartik Aaryan",501,Bollywood,751,90,7.6,87.25,14,73.5,Flop,7.9,142,"Amazon Prime Video",2024-06-14
573,Maidaan,138,"Ajay Devgn",501,Bollywood,692,100,10.4,71.15,63,63.4,Disaster,8,181,"Amazon Prime Video",2024-04-10
575,Srikanth,465,"Rajkummar Rao",501,Bollywood,633,40,2.65,61.4,58,57.8,"Above Average",7.4,134,Netflix,2024-05-10
578,"Khel Khel Mein",292,"Akshay Kumar",501,Bollywood,620,100,7.55,55.25,45,45.25,Disaster,6.7,135,Netflix,2024-08-15
579,Yodha,467,"Sidharth Malhotra",501,Bollywood,627,60,5.85,53.5,45,45,Flop,5.7,130,"Amazon Prime Video",2024-03-15
580,"Mr. & Mrs. Mahi",468,"Rajkummar Rao",501,Bollywood,718,40,7.6,51.25,42,41.75,"Below Average",5.9,139,Netflix,2024-05-31
583,Kill,469,Lakshya,501,Bollywood,621,20,1.5,47.25,29,28.75,"Super Hit",7.6,105,"Disney+ Hotstar",2024-07-05
584,"Madgaon Express",470,"Divyendu Sharma",501,Bollywood,620,30,1.8,46.2,43,42.8,Hit,7,143,"Amazon Prime Video",2024-03-22
591,"Swatantrya Veer Savarkar",475,"Randeep Hooda",501,Bollywood,633,25,1.5,31.86,29,29.11,Disaster,7.7,176,ZEE5,2024-03-22
596,"Laapataa Ladies",479,"Nitanshi Goel",501,Bollywood,620,8,1.4,27.06,24,24.31,Disaster,8.4,122,Netflix,2024-03-01
597,"Merry Christmas",480,"Vijay Sethupathi",501,Bollywood,753,50,3.45,26.3,23,23.25,Hit,6.9,144,Netflix,2024-01-12
