exam_id,course_id,exam_name,max_score,exam_date,mode
1,9,Final Assessment 1,100,2025-07-18,Offline
2,9,Final Assessment 2,100,2025-10-03,Online
3,2,Final Assessment 3,100,2025-02-24,Online
4,8,Final Assessment 4,100,2024-08-13,Offline
5,2,Final Assessment 5,100,2024-12-31,Offline
6,7,Final Assessment 6,100,2025-09-05,Offline
7,7,Final Assessment 7,100,2025-11-06,Offline
8,4,Final Assessment 8,100,2025-08-26,Online
9,2,Final Assessment 9,100,2023-11-21,Offline
10,9,Final Assessment 10,100,2024-06-01,Online
11,2,Final Assessment 11,100,2024-04-23,Offline
12,5,Final Assessment 12,100,2024-11-05,Offline
13,10,Final Assessment 13,100,2024-05-28,Offline
14,5,Final Assessment 14,100,2024-10-17,Offline
15,1,Final Assessment 15,100,2025-08-16,Online
16,5,Final Assessment 16,100,2024-04-21,Offline
17,6,Final Assessment 17,100,2024-08-19,Online
18,4,Final Assessment 18,100,2025-09-06,Online
19,2,Final Assessment 19,100,2024-06-27,Offline
20,6,Final Assessment 20,100,2024-10-25,Offline
21,10,Final Assessment 21,100,2025-04-07,Offline
22,8,Final Assessment 22,100,2025-04-30,Offline
23,9,Final Assessment 23,100,2024-09-13,Offline
24,8,Final Assessment 24,100,2024-04-15,Online
25,8,Final Assessment 25,100,2025-07-30,Offline
26,10,Final Assessment 26,100,2025-04-06,Online
27,7,Final Assessment 27,100,2024-12-19,Online
28,2,Final Assessment 28,100,2024-10-15,Offline
29,10,Final Assessment 29,100,2024-03-25,Online
30,2,Final Assessment 30,100,2024-11-14,Offline
31,6,Final Assessment 31,100,2025-02-09,Offline
32,9,Final Assessment 32,100,2024-12-15,Online
33,3,Final Assessment 33,100,2024-11-07,Offline
34,1,Final Assessment 34,100,2025-08-19,Online
35,10,Final Assessment 35,100,2025-10-27,Online
36,2,Final Assessment 36,100,2024-12-23,Offline
37,3,Final Assessment 37,100,2025-07-06,Online
38,10,Final Assessment 38,100,2024-09-08,Online
39,3,Final Assessment 39,100,2025-04-03,Offline
40,9,Final Assessment 40,100,2024-04-19,Online
41,1,Final Assessment 41,100,2024-02-23,Offline
42,4,Final Assessment 42,100,2025-10-16,Offline
43,6,Final Assessment 43,100,2024-07-13,Online
44,5,Final Assessment 44,100,2025-10-09,Offline
45,2,Final Assessment 45,100,2025-05-09,Online
46,1,Final Assessment 46,100,2025-09-27,Offline
47,8,Final Assessment 47,100,2025-02-11,Offline
48,9,Final Assessment 48,100,2024-05-24,Offline
49,3,Final Assessment 49,100,2025-01-23,Online
50,4,Final Assessment 50,100,2024-12-26,Offline
