feedback_id,student_id,course_id,rating,comments,feedback_date
1,5831,5,2,Pace was slightly fast but content was excellent.,2025-11-04
2,4573,2,3,Course material could be more detailed.,2025-03-23
3,6379,6,1,More interview preparation would be helpful.,2024-06-20
4,5014,10,4,Need more focus on fundamentals.,2024-02-17
5,1914,8,4,More interview preparation would be helpful.,2025-04-08
6,566,5,5,Course material could be more detailed.,2024-04-27
7,2872,9,3,More interview preparation would be helpful.,2024-12-06
8,143,10,2,Doubt clearing was very effective.,2024-04-23
9,568,3,2,More interview preparation would be helpful.,2024-03-10
10,5967,5,1,Loved the hands-on labs and projects.,2024-02-17
11,2055,10,3,Need more focus on fundamentals.,2025-11-02
12,3189,6,4,Great explanation of concepts and real-time examples.,2024-01-26
13,4037,4,4,Pace was slightly fast but content was excellent.,2024-05-15
14,1417,2,4,Doubt clearing was very effective.,2024-05-23
15,3527,8,3,Loved the hands-on labs and projects.,2025-02-08
16,1596,10,3,Very interactive and engaging sessions.,2023-12-20
17,924,3,2,Great explanation of concepts and real-time examples.,2025-10-23
18,5473,8,3,More interview preparation would be helpful.,2025-05-16
19,630,9,2,Need more focus on fundamentals.,2024-10-12
20,2763,7,1,Doubt clearing was very effective.,2025-10-14
21,5763,5,3,Very interactive and engaging sessions.,2025-01-20
22,4990,7,4,More interview preparation would be helpful.,2024-05-09
23,724,9,2,Pace was slightly fast but content was excellent.,2025-03-06
24,6370,3,2,Course material could be more detailed.,2024-06-07
25,198,10,3,Very interactive and engaging sessions.,2025-02-22
26,6707,7,2,Doubt clearing was very effective.,2025-01-14
27,5915,10,1,Need more focus on fundamentals.,2024-11-10
28,2248,6,1,More interview preparation would be helpful.,2025-05-13
29,3708,4,3,Need more focus on fundamentals.,2024-08-03
30,3460,4,3,Doubt clearing was very effective.,2025-05-31
31,1335,2,1,Need more focus on fundamentals.,2024-11-25
32,3881,4,5,Great explanation of concepts and real-time examples.,2024-06-15
33,3952,2,3,More interview preparation would be helpful.,2024-11-27
34,3572,8,5,Very interactive and engaging sessions.,2025-03-26
35,2066,4,1,Need more focus on fundamentals.,2025-09-07
36,4744,10,5,Need more focus on fundamentals.,2024-10-23
37,5392,8,5,Great explanation of concepts and real-time examples.,2024-08-16
38,6745,2,2,Doubt clearing was very effective.,2023-11-30
39,6345,3,1,More interview preparation would be helpful.,2024-02-23
40,3367,6,4,Great explanation of concepts and real-time examples.,2023-12-10
41,2927,9,3,Course material could be more detailed.,2024-07-04
42,3375,5,2,Pace was slightly fast but content was excellent.,2025-06-25
43,800,1,3,Loved the hands-on labs and projects.,2025-11-07
44,5720,2,3,Course material could be more detailed.,2024-09-24
45,5119,3,3,Very interactive and engaging sessions.,2025-04-29
46,4736,10,5,Course material could be more detailed.,2024-06-15
47,918,3,4,Course material could be more detailed.,2025-09-24
48,6339,9,1,Doubt clearing was very effective.,2025-04-26
49,3030,3,4,More interview preparation would be helpful.,2024-09-23
50,3066,9,2,Loved the hands-on labs and projects.,2024-05-31
51,3802,5,5,Course material could be more detailed.,2024-09-16
52,6370,8,1,Loved the hands-on labs and projects.,2024-03-09
53,1270,9,5,More interview preparation would be helpful.,2024-02-06
54,2453,3,1,More interview preparation would be helpful.,2025-10-08
55,1624,4,3,Pace was slightly fast but content was excellent.,2025-03-31
56,4491,8,5,More interview preparation would be helpful.,2025-09-03
57,6217,3,1,Course material could be more detailed.,2024-06-25
58,6729,3,2,Pace was slightly fast but content was excellent.,2023-12-18
59,4293,2,4,Pace was slightly fast but content was excellent.,2023-11-17
60,4204,10,3,Loved the hands-on labs and projects.,2025-04-16
61,2342,10,2,Pace was slightly fast but content was excellent.,2025-02-28
62,6216,9,1,Loved the hands-on labs and projects.,2024-04-16
63,947,5,4,Pace was slightly fast but content was excellent.,2024-04-23
64,6475,8,2,Course material could be more detailed.,2024-06-24
65,2010,6,4,Pace was slightly fast but content was excellent.,2025-05-13
66,4532,2,4,Doubt clearing was very effective.,2025-07-22
67,5395,8,5,Great explanation of concepts and real-time examples.,2025-07-27
68,6335,3,3,More interview preparation would be helpful.,2025-07-25
69,5771,3,2,Need more focus on fundamentals.,2025-04-24
70,6331,1,2,Need more focus on fundamentals.,2025-01-06
71,5929,1,4,Very interactive and engaging sessions.,2024-05-18
72,2766,8,3,More interview preparation would be helpful.,2025-07-15
73,6495,3,1,Need more focus on fundamentals.,2024-11-23
74,1403,1,2,Need more focus on fundamentals.,2025-04-28
75,1326,6,3,More interview preparation would be helpful.,2024-11-22
76,2452,5,1,Loved the hands-on labs and projects.,2025-07-09
77,4329,5,5,Doubt clearing was very effective.,2024-01-12
78,2165,3,5,Loved the hands-on labs and projects.,2024-07-23
79,5770,8,5,More interview preparation would be helpful.,2025-02-09
80,5568,3,1,More interview preparation would be helpful.,2025-09-05
81,2341,3,1,Need more focus on fundamentals.,2025-02-07
82,3457,9,2,More interview preparation would be helpful.,2024-10-27
83,5440,1,4,Doubt clearing was very effective.,2024-02-19
84,4374,1,2,Doubt clearing was very effective.,2023-11-21
85,2706,2,5,Loved the hands-on labs and projects.,2025-01-19
86,3024,7,2,Pace was slightly fast but content was excellent.,2025-09-07
87,2428,5,5,Course material could be more detailed.,2025-09-28
88,1815,5,4,Pace was slightly fast but content was excellent.,2024-01-27
89,1753,9,4,Course material could be more detailed.,2024-04-29
90,536,9,2,Pace was slightly fast but content was excellent.,2025-02-14
91,5154,1,5,More interview preparation would be helpful.,2025-04-10
92,4826,7,2,Doubt clearing was very effective.,2025-04-11
93,5010,9,4,Course material could be more detailed.,2025-09-10
94,5353,10,1,Doubt clearing was very effective.,2024-04-21
95,5407,8,5,Course material could be more detailed.,2023-11-18
96,2296,10,2,Pace was slightly fast but content was excellent.,2024-10-29
97,5631,1,1,Doubt clearing was very effective.,2024-01-26
98,3828,3,1,Very interactive and engaging sessions.,2025-07-04
99,1412,9,2,Doubt clearing was very effective.,2025-01-15
100,6312,5,2,Course material could be more detailed.,2024-05-16
101,529,8,3,Course material could be more detailed.,2024-12-23
102,1176,6,2,Loved the hands-on labs and projects.,2023-12-24
103,3682,3,1,Very interactive and engaging sessions.,2024-06-14
104,460,6,1,Great explanation of concepts and real-time examples.,2024-03-18
105,4365,8,2,Need more focus on fundamentals.,2024-04-24
106,5946,10,3,Need more focus on fundamentals.,2024-06-13
107,2980,5,4,Very interactive and engaging sessions.,2024-08-02
108,3268,7,3,Need more focus on fundamentals.,2025-09-24
109,3999,1,1,Need more focus on fundamentals.,2023-12-12
110,6807,3,3,Course material could be more detailed.,2023-12-23
111,3921,3,3,Course material could be more detailed.,2025-04-21
112,5645,8,2,Doubt clearing was very effective.,2025-03-22
113,5638,8,2,Very interactive and engaging sessions.,2025-06-10
114,319,7,3,Pace was slightly fast but content was excellent.,2023-12-07
115,2583,5,1,Great explanation of concepts and real-time examples.,2025-06-17
116,1998,6,4,Loved the hands-on labs and projects.,2025-07-31
117,517,6,1,More interview preparation would be helpful.,2024-11-14
118,5261,10,3,Loved the hands-on labs and projects.,2025-06-16
119,6542,5,5,More interview preparation would be helpful.,2024-02-20
120,4769,5,2,Course material could be more detailed.,2024-08-10
121,342,9,2,Pace was slightly fast but content was excellent.,2023-12-10
122,2241,8,5,Need more focus on fundamentals.,2024-01-20
123,5837,10,1,Need more focus on fundamentals.,2025-07-22
124,1891,9,1,Doubt clearing was very effective.,2024-09-17
125,3626,2,3,Pace was slightly fast but content was excellent.,2024-12-08
126,33,9,2,Doubt clearing was very effective.,2023-11-15
127,5206,9,2,Pace was slightly fast but content was excellent.,2025-09-04
128,2724,6,2,Course material could be more detailed.,2024-06-17
129,3155,8,4,Pace was slightly fast but content was excellent.,2024-05-09
130,3086,10,1,Great explanation of concepts and real-time examples.,2024-10-25
131,43,4,5,More interview preparation would be helpful.,2025-08-23
132,391,4,2,Loved the hands-on labs and projects.,2024-04-21
133,2486,4,5,Very interactive and engaging sessions.,2024-10-12
134,1203,10,4,Loved the hands-on labs and projects.,2024-11-09
135,1365,10,3,Great explanation of concepts and real-time examples.,2025-09-01
136,2827,8,5,Doubt clearing was very effective.,2024-09-14
137,3390,4,2,More interview preparation would be helpful.,2024-06-14
138,3497,5,3,Great explanation of concepts and real-time examples.,2025-06-06
139,6164,4,5,Very interactive and engaging sessions.,2025-04-21
140,147,9,5,More interview preparation would be helpful.,2024-11-07
141,123,10,4,Very interactive and engaging sessions.,2024-04-10
142,5680,3,4,Great explanation of concepts and real-time examples.,2024-10-23
143,4883,2,3,Course material could be more detailed.,2024-09-15
144,1852,5,3,Pace was slightly fast but content was excellent.,2025-07-25
145,6256,5,4,Pace was slightly fast but content was excellent.,2025-02-05
146,4380,1,1,Course material could be more detailed.,2024-09-02
147,4374,5,1,Great explanation of concepts and real-time examples.,2025-10-21
148,6297,3,2,Need more focus on fundamentals.,2025-09-19
149,6669,2,1,Great explanation of concepts and real-time examples.,2024-08-15
150,2082,1,3,Doubt clearing was very effective.,2025-10-12
151,1081,1,1,Great explanation of concepts and real-time examples.,2024-04-06
152,3409,4,1,Course material could be more detailed.,2025-04-01
153,3317,10,4,Course material could be more detailed.,2024-04-11
154,5729,3,2,Doubt clearing was very effective.,2024-01-28
155,1971,9,2,Doubt clearing was very effective.,2025-01-23
156,4682,10,5,Need more focus on fundamentals.,2024-02-03
157,3958,9,1,More interview preparation would be helpful.,2023-12-12
158,2142,8,4,Course material could be more detailed.,2025-01-02
159,2172,1,4,Pace was slightly fast but content was excellent.,2025-02-28
160,749,2,4,Loved the hands-on labs and projects.,2023-12-15
161,3397,4,2,Need more focus on fundamentals.,2024-04-25
162,2105,10,3,Great explanation of concepts and real-time examples.,2024-08-18
163,1619,6,5,Loved the hands-on labs and projects.,2024-04-23
164,6649,3,5,Course material could be more detailed.,2024-11-25
165,1999,6,1,Great explanation of concepts and real-time examples.,2024-05-12
166,1870,8,3,Pace was slightly fast but content was excellent.,2025-09-17
167,3255,9,3,More interview preparation would be helpful.,2024-10-22
168,310,9,4,Doubt clearing was very effective.,2024-11-13
169,3165,5,5,More interview preparation would be helpful.,2025-09-02
170,4938,2,5,Loved the hands-on labs and projects.,2025-03-24
171,5044,8,4,More interview preparation would be helpful.,2025-08-29
172,5884,8,3,More interview preparation would be helpful.,2024-09-05
173,3651,10,2,Course material could be more detailed.,2024-06-15
174,5121,2,4,Course material could be more detailed.,2025-06-28
175,1049,7,5,Course material could be more detailed.,2024-04-29
176,3679,8,1,Very interactive and engaging sessions.,2024-11-12
177,3140,7,5,Very interactive and engaging sessions.,2025-01-28
178,2740,2,3,Need more focus on fundamentals.,2025-03-08
179,79,10,3,Doubt clearing was very effective.,2024-06-26
180,457,1,2,Great explanation of concepts and real-time examples.,2024-05-30
181,4206,10,2,Great explanation of concepts and real-time examples.,2025-03-04
182,5275,10,4,Loved the hands-on labs and projects.,2024-06-06
183,5968,9,4,Need more focus on fundamentals.,2025-03-09
184,6151,1,2,More interview preparation would be helpful.,2025-08-25
185,592,6,2,More interview preparation would be helpful.,2024-10-30
186,1323,9,5,Very interactive and engaging sessions.,2024-06-23
187,5976,10,3,Loved the hands-on labs and projects.,2024-05-25
188,2678,5,3,Great explanation of concepts and real-time examples.,2023-12-05
189,1251,4,4,Loved the hands-on labs and projects.,2024-12-22
190,898,7,4,More interview preparation would be helpful.,2024-12-13
191,2848,2,3,Pace was slightly fast but content was excellent.,2023-11-25
192,1130,6,3,Very interactive and engaging sessions.,2024-01-14
193,5377,4,4,Course material could be more detailed.,2024-11-07
194,5766,8,2,Need more focus on fundamentals.,2025-09-06
195,2360,8,2,Very interactive and engaging sessions.,2024-05-19
196,1926,1,1,Very interactive and engaging sessions.,2024-05-18
197,480,4,1,Need more focus on fundamentals.,2024-04-02
198,3699,7,1,Great explanation of concepts and real-time examples.,2025-01-16
199,4904,1,5,Doubt clearing was very effective.,2024-12-19
200,4003,2,2,Doubt clearing was very effective.,2024-01-20
