attendance_id,enrollment_id,attendance_date,status,mode
1,46,2025-03-18,Late,Offline
2,190,2024-02-05,Late,Online
3,8,2024-09-06,Present,Online
4,115,2024-03-08,Absent,Online
5,124,2024-11-26,Present,Online
6,64,2025-07-31,Late,Online
7,72,2024-08-23,Present,Offline
8,166,2024-01-30,Late,Offline
9,115,2024-02-26,Late,Offline
10,66,2024-02-07,Present,Offline
11,19,2025-05-11,Present,Online
12,162,2025-05-11,Late,Offline
13,99,2025-06-21,Present,Online
14,35,2025-05-30,Present,Online
15,95,2024-07-18,Absent,Offline
16,45,2025-04-12,Present,Offline
17,106,2024-11-30,Present,Offline
18,155,2024-03-11,Absent,Online
19,5,2024-02-27,Present,Online
20,94,2025-03-10,Present,Offline
21,180,2024-12-11,Absent,Online
22,120,2025-05-06,Present,Offline
23,184,2025-09-01,Late,Online
24,164,2024-09-13,Absent,Online
25,191,2025-03-10,Late,Offline
26,172,2025-09-06,Absent,Offline
27,24,2024-11-27,Late,Online
28,63,2024-01-04,Present,Offline
29,126,2024-01-03,Late,Offline
30,168,2025-11-11,Late,Online
31,70,2025-07-03,Late,Online
32,51,2024-09-21,Present,Online
33,20,2024-09-25,Present,Online
34,99,2025-06-12,Late,Offline
35,80,2024-05-03,Late,Offline
36,189,2024-10-28,Late,Online
37,154,2025-06-18,Present,Offline
38,136,2025-04-13,Present,Online
39,192,2025-05-13,Present,Offline
40,66,2024-02-03,Present,Online
41,86,2023-12-30,Late,Online
42,59,2025-01-08,Present,Online
43,198,2025-10-11,Late,Offline
44,113,2024-09-14,Present,Offline
45,162,2025-05-22,Present,Online
46,159,2025-02-22,Late,Offline
47,37,2025-05-20,Present,Offline
48,171,2024-10-13,Absent,Online
49,68,2025-01-07,Present,Online
50,75,2025-08-19,Present,Online
51,1,2024-01-07,Present,Offline
52,75,2025-08-12,Absent,Offline
53,164,2024-09-01,Present,Online
54,124,2024-10-31,Present,Online
55,139,2025-06-28,Present,Offline
56,162,2025-05-04,Late,Offline
57,192,2025-05-08,Present,Offline
58,82,2024-04-27,Present,Online
59,192,2025-05-06,Late,Offline
60,31,2025-11-22,Present,Online
61,15,2025-06-22,Late,Online
62,41,2025-11-06,Late,Offline
63,86,2024-01-02,Present,Online
64,125,2025-07-15,Absent,Online
65,54,2025-08-14,Present,Offline
66,116,2024-02-25,Present,Offline
67,166,2024-03-06,Late,Online
68,69,2025-06-29,Present,Offline
69,80,2024-05-04,Absent,Offline
70,25,2025-11-21,Absent,Online
71,170,2024-03-18,Late,Offline
72,45,2025-03-21,Present,Offline
73,26,2024-08-21,Absent,Online
74,103,2024-05-04,Absent,Online
75,9,2024-08-20,Late,Online
76,44,2024-10-26,Late,Offline
77,183,2025-03-16,Late,Offline
78,169,2024-02-05,Late,Offline
79,94,2025-03-20,Absent,Online
80,85,2024-11-24,Late,Offline
81,118,2024-10-07,Late,Online
82,16,2025-06-27,Late,Online
83,23,2024-12-05,Absent,Online
84,73,2025-10-22,Late,Online
85,74,2025-10-12,Late,Online
86,139,2025-06-20,Late,Online
87,24,2024-11-11,Absent,Online
88,162,2025-06-01,Present,Offline
89,179,2025-07-28,Present,Offline
90,20,2024-10-03,Absent,Online
91,30,2025-02-17,Present,Offline
92,189,2024-11-05,Absent,Offline
93,188,2024-11-09,Present,Offline
94,169,2024-01-24,Absent,Online
95,131,2024-01-23,Present,Online
96,44,2024-12-02,Late,Offline
97,183,2025-03-09,Late,Online
98,22,2025-02-05,Absent,Online
99,127,2025-03-16,Late,Offline
100,105,2025-07-31,Absent,Online
101,163,2024-02-24,Present,Offline
102,147,2024-02-17,Present,Offline
103,184,2025-08-27,Present,Offline
104,74,2025-09-22,Late,Online
105,115,2024-03-09,Present,Offline
106,82,2024-05-12,Late,Offline
107,38,2025-08-18,Absent,Offline
108,162,2025-05-12,Late,Online
109,131,2024-02-15,Present,Online
110,65,2025-11-07,Late,Online
111,111,2024-02-08,Late,Offline
112,3,2024-06-05,Present,Online
113,160,2024-11-28,Late,Online
114,186,2024-03-05,Absent,Offline
115,101,2025-07-26,Late,Online
116,11,2024-01-24,Absent,Offline
117,186,2024-03-15,Absent,Offline
118,10,2025-02-05,Present,Online
119,43,2025-06-12,Present,Offline
120,50,2024-02-23,Present,Online
121,3,2024-06-20,Late,Online
122,145,2023-12-20,Late,Online
123,61,2024-03-02,Late,Online
124,43,2025-06-26,Late,Offline
125,64,2025-08-23,Present,Online
126,153,2024-10-20,Absent,Online
127,121,2024-07-19,Late,Offline
128,185,2024-06-26,Late,Online
129,65,2025-10-30,Late,Offline
130,62,2024-04-26,Present,Offline
131,138,2024-09-15,Absent,Offline
132,137,2025-10-27,Late,Offline
133,32,2024-08-26,Present,Offline
134,197,2025-08-17,Present,Offline
135,147,2024-02-29,Present,Online
136,38,2025-08-05,Late,Online
137,186,2024-03-22,Absent,Offline
138,152,2024-11-24,Absent,Offline
139,10,2025-01-30,Late,Offline
140,89,2024-07-08,Late,Offline
141,59,2024-12-19,Absent,Online
142,139,2025-06-28,Late,Offline
143,92,2025-09-29,Absent,Online
144,197,2025-08-12,Absent,Offline
145,97,2025-04-23,Present,Online
146,113,2024-08-23,Absent,Offline
147,189,2024-10-28,Late,Offline
148,162,2025-04-27,Late,Offline
149,17,2025-11-04,Late,Online
150,85,2024-11-14,Late,Online
151,109,2024-07-22,Absent,Online
152,182,2025-12-14,Absent,Offline
153,195,2024-10-14,Absent,Online
154,181,2024-02-28,Absent,Online
155,119,2025-04-13,Absent,Online
156,196,2025-05-05,Late,Offline
157,131,2024-02-12,Absent,Online
158,1,2023-12-20,Present,Online
159,4,2025-06-10,Present,Online
160,2,2024-03-12,Present,Offline
161,97,2025-05-08,Absent,Offline
162,60,2025-07-05,Absent,Offline
163,78,2023-12-21,Late,Offline
164,70,2025-06-24,Present,Online
165,137,2025-11-27,Absent,Offline
166,12,2024-05-14,Absent,Online
167,169,2024-01-22,Absent,Online
168,33,2025-11-21,Present,Online
169,8,2024-10-04,Present,Online
170,110,2025-03-06,Present,Online
171,117,2024-07-28,Absent,Offline
172,34,2025-02-13,Absent,Offline
173,195,2024-10-28,Late,Online
174,89,2024-06-18,Late,Online
175,54,2025-09-06,Absent,Offline
176,73,2025-11-01,Late,Offline
177,10,2025-03-04,Late,Offline
178,163,2024-02-22,Present,Online
179,192,2025-04-14,Present,Online
180,67,2024-01-25,Late,Offline
181,112,2024-02-16,Late,Online
182,110,2025-02-12,Absent,Online
183,101,2025-07-24,Present,Offline
184,121,2024-07-14,Present,Offline
185,24,2024-11-17,Present,Offline
186,79,2024-02-20,Absent,Offline
187,20,2024-10-25,Late,Offline
188,30,2025-02-04,Present,Online
189,5,2024-03-24,Late,Online
190,42,2025-09-12,Absent,Online
191,178,2025-02-11,Absent,Online
192,175,2025-01-11,Late,Offline
193,142,2025-06-28,Present,Online
194,95,2024-07-09,Absent,Online
195,94,2025-03-01,Late,Offline
196,128,2025-07-22,Late,Offline
197,124,2024-11-10,Present,Offline
198,195,2024-09-23,Absent,Offline
199,194,2024-02-08,Late,Offline
200,19,2025-06-14,Absent,Offline
