payment_id,enrollment_id,paid_amount,currency,payment_mode,payment_date,payment_status
1,32,9499,INR,NetBanking,2025-09-26,Success
2,199,29749,INR,NetBanking,2024-04-27,Failed
3,116,7999,INR,UPI,2024-09-05,Pending
4,188,9499,INR,NetBanking,2025-07-10,Success
5,139,29749,INR,Cash,2024-07-04,Pending
6,8,7999,INR,NetBanking,2024-06-20,Success
7,75,7999,INR,Cash,2024-10-20,Failed
8,63,9499,INR,UPI,2024-09-14,Failed
9,164,21249,INR,Cash,2025-01-20,Failed
10,35,11999,INR,Cash,2024-01-22,Pending
11,123,13499,INR,Cash,2024-01-02,Success
12,137,8499,INR,UPI,2025-03-29,Pending
13,90,8999,INR,NetBanking,2024-03-25,Success
14,167,14999,INR,Cash,2025-02-20,Pending
15,145,11999,INR,Card,2025-02-14,Pending
16,29,13499,INR,NetBanking,2025-09-06,Pending
17,131,8499,INR,Card,2024-06-23,Success
18,83,9999,INR,UPI,2024-08-26,Success
19,72,11999,INR,Card,2025-08-26,Pending
20,169,13499,INR,Card,2025-10-18,Pending
21,18,14999,INR,UPI,2024-10-07,Failed
22,152,16999,INR,NetBanking,2024-08-04,Pending
23,149,24999,INR,NetBanking,2024-05-22,Failed
24,60,8999,INR,NetBanking,2025-07-21,Pending
25,197,34999,INR,Cash,2024-11-16,Failed
26,81,8999,INR,UPI,2024-01-21,Pending
27,195,17999,INR,UPI,2024-06-08,Pending
28,4,8999,INR,UPI,2025-09-02,Failed
29,112,9499,INR,UPI,2025-05-27,Success
30,106,9499,INR,Cash,2024-11-14,Failed
31,105,12749,INR,UPI,2025-02-18,Pending
32,178,15999,INR,UPI,2024-01-11,Pending
33,44,8499,INR,NetBanking,2025-02-27,Pending
34,117,13499,INR,NetBanking,2025-08-04,Pending
35,162,19999,INR,UPI,2024-08-20,Success
36,40,29749,INR,NetBanking,2024-03-24,Pending
37,16,13499,INR,Card,2024-05-30,Success
38,81,8999,INR,Card,2024-06-27,Pending
39,44,8499,INR,Card,2025-09-12,Success
40,98,18999,INR,Cash,2024-11-28,Success
41,183,9499,INR,NetBanking,2025-08-19,Pending
42,97,27999,INR,Card,2023-11-26,Success
43,61,31499,INR,UPI,2025-10-11,Failed
44,3,19999,INR,UPI,2024-12-17,Pending
45,111,21249,INR,Cash,2025-06-24,Pending
46,114,14999,INR,Cash,2024-08-06,Failed
47,126,13499,INR,UPI,2025-09-08,Success
48,185,7999,INR,Card,2024-11-09,Success
49,170,9499,INR,UPI,2024-11-27,Pending
50,60,8999,INR,Card,2024-11-10,Pending
51,186,27999,INR,Card,2025-07-05,Success
52,48,11999,INR,NetBanking,2025-07-03,Pending
53,94,16999,INR,NetBanking,2024-01-31,Success
54,21,17999,INR,UPI,2025-10-11,Failed
55,74,14999,INR,NetBanking,2025-03-27,Success
56,36,23749,INR,Cash,2024-03-21,Pending
57,20,16999,INR,UPI,2025-09-17,Failed
58,164,21249,INR,Cash,2024-12-04,Success
59,33,14999,INR,UPI,2024-03-27,Failed
60,166,14999,INR,UPI,2025-06-16,Pending
61,119,9999,INR,Cash,2024-06-21,Success
62,56,7999,INR,UPI,2024-08-17,Failed
63,149,24999,INR,NetBanking,2023-12-30,Failed
64,140,14999,INR,Cash,2025-08-07,Pending
65,116,7999,INR,NetBanking,2025-02-26,Failed
66,126,13499,INR,UPI,2025-08-10,Pending
67,30,29749,INR,Card,2024-03-15,Pending
68,130,33249,INR,UPI,2025-05-27,Failed
69,64,14249,INR,Card,2025-02-01,Pending
70,145,11999,INR,NetBanking,2025-09-05,Pending
71,99,22499,INR,NetBanking,2025-07-17,Failed
72,147,14249,INR,Cash,2023-12-18,Success
73,49,31499,INR,Cash,2025-10-20,Pending
74,62,19999,INR,Cash,2024-03-28,Failed
75,38,8499,INR,UPI,2025-06-04,Pending
76,83,9999,INR,Cash,2024-06-01,Failed
77,73,9999,INR,NetBanking,2024-09-09,Success
78,146,14249,INR,Cash,2024-11-06,Failed
79,103,11999,INR,Cash,2025-02-20,Pending
80,130,33249,INR,Cash,2025-08-14,Pending
81,76,9499,INR,Cash,2024-10-21,Pending
82,183,9499,INR,Cash,2025-01-31,Failed
83,92,21249,INR,NetBanking,2025-10-23,Failed
84,28,23749,INR,NetBanking,2024-01-31,Failed
85,188,9499,INR,Cash,2024-03-19,Success
86,41,14249,INR,NetBanking,2025-08-27,Failed
87,197,34999,INR,Card,2025-11-12,Failed
88,96,22499,INR,Card,2024-11-12,Success
89,10,31499,INR,NetBanking,2024-09-01,Pending
90,153,15999,INR,Cash,2025-08-25,Failed
91,200,27999,INR,Card,2024-09-05,Success
92,126,13499,INR,NetBanking,2025-01-25,Success
93,155,15999,INR,Cash,2024-12-24,Failed
94,101,11999,INR,Card,2023-12-30,Success
95,89,14999,INR,UPI,2024-05-28,Pending
96,191,15999,INR,Cash,2025-08-25,Pending
97,32,9499,INR,NetBanking,2024-02-02,Success
98,173,7999,INR,UPI,2024-09-15,Pending
99,143,11999,INR,Card,2024-04-15,Failed
100,46,15999,INR,UPI,2024-02-19,Failed
101,131,8499,INR,Card,2025-01-21,Failed
102,61,31499,INR,NetBanking,2024-06-04,Pending
103,50,9999,INR,Card,2025-01-09,Pending
104,138,7999,INR,UPI,2024-08-02,Success
105,113,22499,INR,Card,2024-12-04,Pending
106,149,24999,INR,UPI,2025-04-26,Failed
107,180,18999,INR,UPI,2024-02-25,Success
108,8,7999,INR,UPI,2024-10-22,Failed
109,166,14999,INR,NetBanking,2025-10-31,Failed
110,134,8999,INR,NetBanking,2025-03-27,Pending
111,150,14249,INR,Cash,2024-05-22,Failed
112,102,31499,INR,UPI,2024-12-11,Failed
113,87,8999,INR,Cash,2025-09-03,Failed
114,102,31499,INR,UPI,2025-05-12,Failed
115,175,7999,INR,UPI,2024-10-30,Pending
116,98,18999,INR,Card,2025-11-05,Success
117,194,9499,INR,Card,2024-05-08,Pending
118,133,13499,INR,NetBanking,2025-03-13,Pending
119,9,13499,INR,Cash,2025-06-19,Failed
120,160,9999,INR,Card,2025-02-11,Pending
121,197,34999,INR,NetBanking,2025-06-15,Pending
122,175,7999,INR,NetBanking,2024-12-11,Failed
123,63,9499,INR,Card,2024-07-16,Pending
124,138,7999,INR,Card,2025-04-12,Pending
125,3,19999,INR,UPI,2023-12-05,Success
126,84,9499,INR,Card,2024-08-23,Pending
127,74,14999,INR,UPI,2024-08-11,Success
128,136,8999,INR,UPI,2024-02-09,Pending
129,140,14999,INR,Card,2024-06-14,Failed
130,75,7999,INR,UPI,2025-01-17,Success
131,24,8499,INR,Card,2024-06-26,Pending
132,147,14249,INR,Cash,2024-03-17,Pending
133,19,8499,INR,NetBanking,2024-05-26,Pending
134,53,9499,INR,NetBanking,2025-06-14,Success
135,93,14249,INR,Card,2024-04-20,Success
136,3,19999,INR,NetBanking,2023-12-04,Pending
137,137,8499,INR,NetBanking,2024-06-09,Success
138,5,31499,INR,Cash,2025-02-21,Success
139,179,12749,INR,UPI,2024-09-06,Success
140,5,31499,INR,NetBanking,2024-03-24,Failed
141,148,9499,INR,Cash,2023-12-18,Failed
142,122,9499,INR,Cash,2025-05-06,Pending
143,144,29749,INR,Cash,2024-10-03,Success
144,59,17999,INR,NetBanking,2024-12-15,Failed
145,117,13499,INR,Cash,2025-10-21,Success
146,79,17999,INR,Cash,2025-06-13,Failed
147,130,33249,INR,UPI,2025-08-05,Failed
148,135,14999,INR,Card,2025-09-23,Pending
149,191,15999,INR,Card,2023-11-25,Failed
150,176,14249,INR,Cash,2024-07-24,Success
151,77,9499,INR,Cash,2024-12-12,Pending
152,118,18999,INR,NetBanking,2024-11-29,Failed
153,3,19999,INR,Card,2024-07-20,Pending
154,92,21249,INR,Cash,2024-07-04,Pending
155,56,7999,INR,Card,2025-02-19,Pending
156,116,7999,INR,NetBanking,2025-02-01,Success
157,47,13499,INR,UPI,2024-01-05,Success
158,42,8499,INR,UPI,2025-07-22,Pending
159,79,17999,INR,Cash,2025-03-03,Failed
160,157,9499,INR,NetBanking,2024-01-10,Success
161,45,9499,INR,UPI,2024-06-20,Success
162,66,12749,INR,NetBanking,2024-09-11,Failed
163,29,13499,INR,Cash,2024-09-03,Success
164,195,17999,INR,NetBanking,2025-01-25,Failed
165,120,15999,INR,Card,2025-01-29,Success
166,22,11999,INR,Card,2024-11-30,Failed
167,60,8999,INR,Cash,2025-10-28,Success
168,15,29749,INR,Cash,2025-09-16,Success
169,67,27999,INR,UPI,2024-11-19,Success
170,13,27999,INR,Card,2024-09-13,Success
171,61,31499,INR,NetBanking,2023-12-15,Pending
172,102,31499,INR,UPI,2024-02-01,Failed
173,24,8499,INR,Card,2024-12-13,Success
174,130,33249,INR,UPI,2025-09-16,Success
175,99,22499,INR,Card,2025-03-14,Success
176,162,19999,INR,UPI,2024-02-12,Pending
177,106,9499,INR,Cash,2024-07-26,Failed
178,169,13499,INR,Card,2024-03-24,Pending
179,190,14249,INR,Card,2023-12-14,Pending
180,93,14249,INR,NetBanking,2024-04-10,Failed
181,78,8499,INR,UPI,2024-10-19,Failed
182,141,16999,INR,NetBanking,2024-01-06,Pending
183,127,31499,INR,Card,2025-03-14,Success
184,20,16999,INR,Cash,2025-09-07,Pending
185,6,17999,INR,Card,2025-08-24,Pending
186,78,8499,INR,UPI,2024-03-16,Success
187,140,14999,INR,UPI,2024-07-16,Success
188,88,7999,INR,UPI,2024-04-18,Success
189,152,16999,INR,Card,2024-06-15,Pending
190,184,9999,INR,Cash,2023-11-30,Success
191,82,18999,INR,Cash,2025-04-11,Success
192,95,11999,INR,NetBanking,2025-06-22,Success
193,183,9499,INR,NetBanking,2024-06-28,Failed
194,160,9999,INR,Card,2024-07-05,Success
195,192,7999,INR,Cash,2025-03-19,Success
196,104,34999,INR,NetBanking,2024-06-10,Failed
197,120,15999,INR,NetBanking,2024-01-29,Success
198,120,15999,INR,Card,2024-02-03,Success
199,196,15999,INR,UPI,2024-07-21,Failed
200,83,9999,INR,Card,2025-09-09,Failed
