course_id,course_code,course_name,category,technology,duration_weeks,fee_inr,is_active
1,DE101,Azure Data Engineering with Databricks,Data Engineering,Azure,6,14999,True
2,DE102,GCP Data Engineering with BigQuery,Data Engineering,GCP,4,9999,True
3,DE103,AWS Data Engineering with Redshift,Data Engineering,AWS,12,9999,True
4,BI101,Power BI for Data Analytics,Business Intelligence,Power BI,12,9999,False
5,BI102,Microsoft Fabric End-to-End Analytics,Business Intelligence,Fabric,12,24999,True
6,AI101,Practical Machine Learning,AI/ML,Python,8,34999,True
7,AI102,GenAI for Data Engineers,AI/ML,GenAI,12,14999,True
8,SQL101,SQL Zero to Hero,Core Skills,SQL,10,14999,True
9,PY101,Python for Data Engineering,Core Skills,Python,6,19999,True
10,CL101,Cloud Fundamentals (Azure/AWS/GCP),Cloud,Multi-Cloud,10,9999,True
